filename,n_slices,xy_spacing,z_spacing,aniso_ratio,coverage_mm,fov_mm,air_ratio,bone_ratio,soft_ratio,p5_global,p95_global,mean_global,std_global,skew_global,kurt_global,metal_flag,mean_panc,std_panc,panc_ratio,contrast_snr,panc_centroid_z,panc_bbox_aspect,canc_ratio,mean_canc,std_canc
pancreas_001.nii,110,0.6445310115814209,2.5,3.8787832955977017,275.0,329.9998779296875,0.4722711736505682,0.024259740656072445,0.48594710610129616,-1024.0,150.0,-450.00994873046875,497.0184631347656,-0.027475379407405853,-1.7041136026382446,1.0,95.05550384521484,173.7512664794922,0.0022787614302201705,1.0966704295876826,0.4432477374239691,0.18181818181818182,0.39800033479934865,119.11872100830078,228.39617919921875
pancreas_004.nii,107,0.7421879768371582,2.5,3.368414350013337,267.5,380.000244140625,0.5257210063043042,0.0155331977059908,0.4438648758647598,-1024.0,132.0,-503.11138916015625,506.4222412109375,0.1782860904932022,-1.7591098546981812,1.0,73.98053741455078,127.25355529785156,0.0035676332277672315,1.1395469599740327,0.5072587459095098,0.1619047619047619,0.28427816250462173,97.48007202148438,156.1800537109375
pancreas_005.nii,104,0.9179689884185791,2.5,2.723400581218175,260.0,470.0001220703125,0.6384538136995755,0.014771828284630409,0.33457359900841344,-1024.0,118.0,-623.3734741210938,488.5760192871094,0.6344864964485168,-1.3955044746398926,1.0,49.85306167602539,71.82192993164062,0.00273891595693735,1.3779360996913044,0.4641826202401483,0.3,0.04833136918791515,82.90828704833984,33.58247375488281
pancreas_006.nii,101,0.7675780057907104,2.5,3.25699371809246,252.5,392.99993896484375,0.6004295726813892,0.021922914108427446,0.3642502208747486,-1024.0,143.0,-579.8209228515625,494.3258361816406,0.4742092490196228,-1.5647437572479248,1.0,63.09550857543945,86.68858337402344,0.0029947261999149133,1.3005924090323475,0.45668488076598823,0.1411764705882353,0.1165832187764059,91.25811004638672,32.898860931396484
pancreas_010.nii,174,0.9765620231628418,1.5,1.5359991771364407,261.0,499.999755859375,0.516736041540387,0.009661137372597882,0.4624961765333154,-1024.0,109.0,-514.0416259765625,494.46746826171875,0.13497072458267212,-1.7861416339874268,1.0,19.791088104248047,64.52722930908203,0.003720075234599497,1.0796113946138204,0.43909015749537356,0.45,0.31348086159648764,41.0399284362793,50.65693664550781
pancreas_012.nii,97,0.7871090173721313,2.5,3.1761760679232283,242.5,402.99981689453125,0.5676222339118879,0.020158748036807346,0.39272493185456264,-1024.0,138.0,-549.969482421875,497.2306823730469,0.3428095281124115,-1.629801869392395,1.0,69.30382537841797,149.81082153320312,0.003468700290955219,1.2454446769039869,0.46992692249673207,0.12857142857142856,0.09608516717118465,84.2324447631836,36.18277359008789
pancreas_015.nii,87,0.7324219942092896,2.5,3.4133281174479704,217.5,375.00006103515625,0.5694747135556978,0.025171126442394037,0.38955298237416935,-1024.0,147.0,-529.9124755859375,506.86907958984375,0.30882319808006287,-1.7122366428375244,1.0,88.87662506103516,79.99200439453125,0.0028247175545528017,1.220806563949191,0.4341038582939578,0.18831168831168832,0.09491951632181053,109.44349670410156,24.735595703125
pancreas_016.nii,85,0.7734379768371582,2.5,3.232317060388277,212.5,396.000244140625,0.5476663926068475,0.021897574032054227,0.4152435302734375,-1024.0,147.0,-524.9736328125,501.3306884765625,0.2529796063899994,-1.6919841766357422,1.0,67.03325653076172,121.07211303710938,0.0034223668715533087,1.1808710333719523,0.4957671499374089,0.18867924528301888,0.08743885967557928,86.9172134399414,39.071990966796875
pancreas_018.nii,87,0.6738280057907104,2.5,3.7101400778471287,217.5,344.99993896484375,0.6168959606652973,0.03605257231613685,0.3327966448904454,-1024.0,184.0,-586.654296875,506.1197814941406,0.5365411639213562,-1.5204013586044312,1.0,98.55364990234375,58.23868179321289,0.0023068395154229528,1.3538454146183794,0.5003302210689139,0.22695035460992907,0.14221090245571352,143.298583984375,37.79619598388672
pancreas_019.nii,85,0.8789060115814209,2.5,2.8444419797058393,212.5,449.9998779296875,0.626845011991613,0.016930389404296874,0.34229507446289065,-1024.0,137.0,-608.2771606445312,484.02838134765625,0.581534743309021,-1.4319782257080078,0.0,67.72714233398438,53.41777801513672,0.002292453541475184,1.396621205764276,0.4962038318963796,0.2396694214876033,0.06434751967424925,75.7374496459961,27.931739807128906
pancreas_021.nii,93,0.8632810115814209,2.5,2.8959250470426503,232.5,441.9998779296875,0.6345921588200395,0.01719608101793515,0.3369095915107317,-1024.0,131.0,-617.359130859375,483.9329833984375,0.634512722492218,-1.338590383529663,0.0,92.2457046508789,50.111839294433594,0.002112809047904066,1.4663287239912821,0.4375827791365302,0.232,0.110658124635993,95.20684051513672,35.390541076660156
pancreas_024.nii,105,0.7949219942092896,2.5,3.1449587170223343,262.5,407.00006103515625,0.5470724196661086,0.027671087355840774,0.4100414094470796,-1024.0,154.0,-520.3360595703125,508.9362487792969,0.28664806485176086,-1.603012204170227,1.0,80.11743927001953,159.71612548828125,0.003053719656808036,1.1798206535705054,0.4581364317373979,0.1895424836601307,0.18644934864077092,102.7031021118164,35.46979904174805
pancreas_025.nii,75,0.7011719942092896,2.5,3.5654539188567034,187.5,359.00006103515625,0.5935070292154948,0.01768346150716146,0.37056905110677085,-1024.0,141.0,-557.1834106445312,505.55462646484375,0.4391804039478302,-1.547139286994934,1.0,108.10486602783203,204.72421264648438,0.004678395589192709,1.3159572487913334,0.5354594174518517,0.16574585635359115,0.0712748146376465,101.35189056396484,20.82795524597168
pancreas_028.nii,83,0.796875,2.5,3.1372509650183966,207.5,408.0,0.6927470471485552,0.020051289753741527,0.27336607783673755,-1024.0,140.0,-662.6638793945312,472.0681457519531,0.8820861577987671,-0.9972405433654785,1.0,110.19234466552734,111.04764556884766,0.003770115863846009,1.6371708817416857,0.3579379525619263,0.25595238095238093,0.015213760651461032,87.90384674072266,48.91532516479492
pancreas_029.nii,99,0.78125,2.5,3.1999959040052426,247.5,400.0,0.5210678794167258,0.01950886273624921,0.4441248190523398,-1024.0,122.0,-502.3457946777344,499.8506164550781,0.18250571191310883,-1.624153733253479,1.0,45.52265548706055,132.33102416992188,0.004409867103653725,1.0960643660984017,0.43476928471072807,0.1989795918367347,0.010196859681774096,83.74893188476562,30.552095413208008
pancreas_032.nii,89,0.9238280057907104,2.5,2.706128498163181,222.5,472.99993896484375,0.7371515852681706,0.017166823483584972,0.2313665325721998,-1024.0,136.0,-718.2183837890625,448.4613342285156,1.112181544303894,-0.5707516670227051,0.0,86.73491668701172,57.77449417114258,0.0019661978389439957,1.7949224096786547,0.4150592074209742,0.18181818181818182,0.040981819767188385,133.72286987304688,25.44556999206543
pancreas_035.nii,73,0.6132810115814209,2.5,4.076428058852486,182.5,313.9998779296875,0.5310443721405448,0.03287365011972924,0.42109753334358946,-1024.0,180.0,-498.7624206542969,517.7667846679688,0.16504517197608948,-1.816781997680664,0.0,109.77716827392578,61.85251998901367,0.0027775699145173374,1.1753160028276983,0.5671971942077182,0.16447368421052633,0.11291718403130527,30.031490325927734,19.993663787841797
pancreas_037.nii,71,0.6445310115814209,2.5,3.8787832955977017,177.5,329.9998779296875,0.5962874184192066,0.03231166785871479,0.35357510204046544,-1024.0,158.0,-555.8633422851562,499.6283264160156,0.42649611830711365,-1.6198503971099854,1.0,82.77404022216797,55.206424713134766,0.004341340400803257,1.2782249273379622,0.27392676758213164,0.12087912087912088,0.06705196589235549,19.751014709472656,20.1739444732666
pancreas_040.nii,45,0.8242189884185791,5.0,6.066341596002105,225.0,422.0001220703125,0.5113241407606337,0.016517554389105904,0.45786115858289933,-1024.0,123.0,-493.9805908203125,493.09808349609375,0.12609392404556274,-1.7598389387130737,0.0,68.7264633178711,41.236549377441406,0.004342736138237847,1.141166578883032,0.37573552339124106,0.12234042553191489,0.05541674799921921,25.973934173583984,25.33695411682129
pancreas_041.nii,137,0.7988280057907104,1.5,1.8777485408347743,205.5,408.99993896484375,0.5919539180115192,0.015815428573719776,0.37675520625427694,-1024.0,122.0,-564.7562866210938,488.8696594238281,0.4343222677707672,-1.5694125890731812,1.0,41.4955940246582,108.52745056152344,0.0040041234371435905,1.2401094396411483,0.46275579123600963,0.3218390804597701,0.014686656838474591,63.9019889831543,43.19511032104492
pancreas_042.nii,51,0.8417969942092896,5.0,5.93966727694161,255.0,431.00006103515625,0.5985410353716683,0.02307592653760723,0.3604113260904948,-1024.0,140.0,-582.3587646484375,482.0184020996094,0.46843504905700684,-1.5592858791351318,1.0,102.67552185058594,49.66741180419922,0.003039864932789522,1.4211786979375156,0.49646473102993977,0.07352941176470588,0.18126568574381183,37.483642578125,25.562253952026367
pancreas_043.nii,39,0.7460939884185791,5.0,6.701559556911093,195.0,382.0001220703125,0.5830227778508112,0.02495741232847556,0.3755529354780148,-1024.0,154.0,-541.6416015625,513.3719482421875,0.4149521589279175,-1.5976699590682983,0.0,92.5941390991211,39.8613395690918,0.004223554562299679,1.2354312338214941,0.3885001266164087,0.10869565217391304,0.060026400500220005,36.328704833984375,27.210102081298828
pancreas_045.nii,41,0.8164060115814209,5.0,6.124396200756228,205.0,417.9998779296875,0.7033084776343369,0.011314578172637195,0.26848071958960557,-1024.0,120.0,-681.9036254882812,448.9375915527344,0.9224122166633606,-0.9489319324493408,0.0,75.31532287597656,47.96125793457031,0.001990248517292302,1.6866908918421912,0.46661633399345065,0.0896551724137931,0.13663986537023187,24.031475067138672,21.950237274169922
pancreas_046.nii,103,0.78125,2.5,3.1999959040052426,257.5,400.0,0.5669670104980469,0.01612976222362333,0.40255941002114304,-1024.0,131.0,-537.5118408203125,499.1240539550781,0.34301304817199707,-1.6071420907974243,0.0,85.1474380493164,52.81084442138672,0.0018447579689396239,1.2475040477174941,0.43372679841574063,0.2463768115942029,0.10885145851317982,84.87956237792969,30.851116180419922
pancreas_048.nii,121,0.9707030057907104,2.5,2.5754503794012518,302.5,496.99993896484375,0.5340338462640432,0.01534879700211454,0.43599480242768596,-1024.0,106.0,-529.173095703125,484.91278076171875,0.19799701869487762,-1.732479453086853,0.0,57.1289176940918,52.68465042114258,0.001405920864136751,1.2090875626481623,0.48800786105941346,0.1625,0.13442909677998027,43.046871185302734,33.658138275146484
pancreas_049.nii,87,0.8066409826278687,2.5,3.099268391480852,217.5,413.00018310546875,0.5477980251969963,0.010698208863707795,0.4259802281171426,-1024.0,125.0,-533.0542602539062,488.9992980957031,0.23090557754039764,-1.7593281269073486,0.0,58.11398696899414,47.39344024658203,0.004883031735475036,1.20893475372283,0.5041828329699408,0.19487179487179487,0.042598279546719825,35.94139862060547,32.62626266479492
pancreas_050.nii,85,0.7226560115814209,2.5,3.4594558136634475,212.5,369.9998779296875,0.5853959925034466,0.032168309828814336,0.36709859511431525,-1024.0,167.0,-566.001220703125,494.9415283203125,0.4174756109714508,-1.5547147989273071,1.0,64.5290756225586,72.0654525756836,0.0012000140021829044,1.2739490605922095,0.48262792488390477,0.12698412698412698,0.11944652206432312,23.20475959777832,29.31830406188965
pancreas_051.nii,99,0.8203120231628418,2.5,3.0476171039694933,247.5,419.999755859375,0.5869592994150489,0.019869139700224907,0.3782901571254538,-1024.0,135.0,-574.581298828125,491.7606201171875,0.4186456501483917,-1.6265335083007812,1.0,98.17671203613281,55.60698699951172,0.0018564860026041667,1.3680599502576647,0.5742220822450281,0.20588235294117646,0.024615512338888774,69.81703186035156,40.292869567871094
pancreas_052.nii,89,0.6445310115814209,2.5,3.8787832955977017,222.5,329.9998779296875,0.5352300579628247,0.03459707538733322,0.4152926755755135,-1024.0,174.0,-501.37237548828125,515.14111328125,0.2128121703863144,-1.7272099256515503,0.0,98.21839141845703,52.522064208984375,0.0038815187604239816,1.1639349884610095,0.4636974464853844,0.1015625,0.03153710247349823,41.39250564575195,38.23308181762695
pancreas_055.nii,96,0.8203120231628418,2.5,3.0476171039694933,240.0,419.999755859375,0.5323104461034139,0.013297041257222494,0.44177643458048504,-1024.0,109.0,-527.1052856445312,487.7010498046875,0.19035027921199799,-1.7521520853042603,1.0,-2.518289804458618,58.518341064453125,0.002233425776163737,1.07563228534063,0.4503322552101172,0.23376623376623376,0.02268400733004786,27.109020233154297,26.697784423828125
pancreas_056.nii,84,0.765625,2.5,3.2653018575649204,210.0,392.0,0.5425614856538319,0.014965420677548363,0.43134212493896484,-1024.0,112.0,-532.4432373046875,496.6690979003906,0.23269473016262054,-1.7231132984161377,1.0,24.81788444519043,50.301788330078125,0.001709393092564174,1.1219967640097523,0.4899599668919203,0.17834394904458598,0.06293501939323097,6.350358963012695,25.356531143188477
pancreas_058.nii,91,0.9511719942092896,5.0,5.256667325964718,455.0,487.00006103515625,0.6874718299278846,0.02918214064378005,0.27010655665135647,-1024.0,101.0,-670.9412841796875,469.97052001953125,0.9084950089454651,-0.8334107398986816,1.0,65.44769287109375,74.17867279052734,0.001126048329112294,1.5668833344127515,0.7347828176173802,0.07894736842105263,0.09347429549938577,78.38231658935547,16.26773452758789
pancreas_061.nii,93,0.8789060115814209,2.5,2.8444419797058393,232.5,449.9998779296875,0.5269688431934644,0.016430516396799395,0.4411403286841608,-1024.0,143.0,-514.875732421875,489.030029296875,0.1629890352487564,-1.7500985860824585,1.0,56.804962158203125,65.76046752929688,0.0032873256232148857,1.1690093842151748,0.44765827375546363,0.17708333333333334,0.050159712517468556,23.04751205444336,37.352962493896484
pancreas_064.nii,93,0.8945310115814209,2.5,2.7947574459412716,232.5,457.9998779296875,0.6307926793252269,0.01260622086063508,0.3432717682212912,-1024.0,118.0,-616.0265502929688,478.5423278808594,0.5750271677970886,-1.4973881244659424,1.0,39.02863311767578,123.49344635009766,0.0025154441915532593,1.368855258724105,0.42720425264682693,0.23255813953488372,0.14744154192349085,105.57896423339844,104.92578125
pancreas_066.nii,96,0.8144530057907104,5.0,6.139082089903608,480.0,416.99993896484375,0.5571744044621786,0.03145404656728109,0.39863614241282147,-1024.0,119.0,-533.56494140625,504.8874816894531,0.353355348110199,-1.5525047779083252,0.0,57.46902084350586,40.57345962524414,0.0016117493311564128,1.1706251046300742,0.7024127167284661,0.09042553191489362,0.11279029633647256,20.93267822265625,28.352100372314453
pancreas_067.nii,103,0.8222659826278687,2.5,3.0403750275978414,257.5,421.00018310546875,0.5458939191207145,0.024906751021598148,0.41328841274224437,-1024.0,149.0,-525.3556518554688,508.1734619140625,0.5309607982635498,0.1589040756225586,1.0,84.37989044189453,62.653804779052734,0.002416295912659284,1.199857109422646,0.46920516228722114,0.15151515151515152,0.015863770825988995,30.935266494750977,35.471710205078125
pancreas_069.nii,97,0.7890620231628418,5.0,6.3366294620653285,485.0,403.999755859375,0.6810747520210817,0.0333059251922922,0.27163527183925984,-1024.0,161.0,-664.33056640625,477.2593688964844,0.8716023564338684,-0.9403238296508789,1.0,93.57406616210938,64.2443618774414,0.0020781054939191367,1.5880351028681654,0.655675129817623,0.09424083769633508,0.23647408360615407,36.45582580566406,31.617935180664062
pancreas_070.nii,106,0.8710939884185791,2.5,2.8699510767919816,265.0,446.0001220703125,0.5972591616072744,0.01705594332713001,0.3690536067170917,-1024.0,124.0,-586.9364013671875,484.00457763671875,0.479970246553421,-1.4615236520767212,1.0,47.50138854980469,57.03209686279297,0.0025239260691516806,1.3108094797449936,0.5125536365074923,0.3486238532110092,0.29567684717825876,13.456575393676758,26.145524978637695
pancreas_071.nii,87,0.78125,5.0,6.399991808010485,435.0,400.0,0.39714922850159395,0.019326922537266523,0.5726853293934088,-1024.0,94.0,-404.3392639160156,481.7684020996094,-0.3176845610141754,-1.5770081281661987,0.0,-2.9907169342041016,39.73472595214844,0.0026875638413703306,0.8330736187753467,0.6165537498389999,0.07386363636363637,0.3900644424504446,5.863189697265625,20.584604263305664
pancreas_074.nii,37,0.78125,5.0,6.399991808010485,185.0,400.0,0.731963080328864,0.01874439136402027,0.23470409496410474,-1024.0,130.0,-697.5947265625,457.4788818359375,1.1036667823791504,-0.5162761211395264,0.0,108.69330596923828,33.66354751586914,0.0028846328322951857,1.7624595643268015,0.35327266696719845,0.144,0.09785561115082202,49.59824752807617,30.453655242919922
pancreas_075.nii,121,0.8164060115814209,1.25,1.531099050189057,151.25,417.9998779296875,0.6723585522864476,0.02070163695280217,0.2958009262715489,-1024.0,117.0,-659.71923828125,471.6690979003906,0.8079094886779785,-1.11150324344635,1.0,70.42837524414062,62.18751907348633,0.00366907671463391,1.5480081591683554,0.6223629504978537,0.47619047619047616,0.10743929473629943,36.467288970947266,37.55305480957031
pancreas_077.nii,81,0.8984379768371582,2.5,2.782604121652131,202.5,460.000244140625,0.6529093612859278,0.015004664291570217,0.3188820356204186,-1024.0,129.0,-643.78857421875,472.3394470214844,0.7012614011764526,-1.2678543329238892,1.0,79.303955078125,62.83042526245117,0.0023629930284288195,1.5308747391854196,0.37968615548032436,0.23134328358208955,0.11603156887755102,31.529714584350586,30.726211547851562
pancreas_078.nii,76,0.7089840173721313,2.5,3.5261676040296384,190.0,362.99981689453125,0.6538599917763158,0.027921877409282484,0.3061295559531764,-1024.0,167.0,-622.2969970703125,495.49444580078125,0.6955601572990417,-1.2891546487808228,1.0,113.58355712890625,48.93451690673828,0.0035754755923622533,1.4851438980810359,0.5193762741555169,0.2,0.017126412578086614,48.693443298339844,41.25136184692383
pancreas_080.nii,98,0.8066409826278687,2.5,3.099268391480852,245.0,413.00018310546875,0.524621768873565,0.022297139070471938,0.44012423924037386,-1024.0,142.0,-521.8709716796875,485.1458435058594,0.16037005186080933,-1.7655892372131348,1.0,97.36237335205078,64.10758209228516,0.0021651131766183035,1.2763859611380417,0.4558917691946859,0.14772727272727273,0.19997123492080615,57.555965423583984,38.190948486328125
pancreas_081.nii,47,0.6445310115814209,5.0,7.7575665911954035,235.0,329.9998779296875,0.4081851878064744,0.033563654473487366,0.5361391432741855,-1024.0,135.0,-379.105224609375,502.8231506347656,-0.28466829657554626,-1.6692421436309814,0.0,52.8638801574707,44.29542922973633,0.0021429670617935507,0.8590875407435774,0.4329021190935632,0.1111111111111111,0.10536282381457356,17.772825241088867,17.699853897094727
pancreas_083.nii,83,0.7695310115814209,2.5,3.248727749301025,207.5,393.9998779296875,0.6461741895560759,0.024571062570594878,0.3148727876594268,-1024.0,159.0,-612.328125,500.2540588378906,0.6797065138816833,-1.2985763549804688,0.0,92.56031799316406,40.48612594604492,0.003777745258377259,1.4090609144113415,0.4997037581822277,0.24550898203592814,0.08441913938464908,49.33347702026367,37.118927001953125
pancreas_084.nii,82,0.7285159826278687,2.5,3.4316289937156026,205.0,373.00018310546875,0.7033107106278582,0.02249796797589558,0.2596571387314215,-1024.0,153.0,-667.0232543945312,482.46380615234375,0.9690978527069092,-0.7741656303405762,0.0,112.9150390625,43.886478424072266,0.003613867410799352,1.6165736826156503,0.4269912723520256,0.18857142857142858,0.012525101694042532,48.53853988647461,36.88756561279297
pancreas_086.nii,51,0.8984379768371582,2.5,2.782604121652131,127.5,460.000244140625,0.5882642409380745,0.013900382846009498,0.38643728518018533,-1024.0,105.0,-577.9090576171875,494.6869201660156,0.4063258171081543,-1.694693684577942,0.0,91.50605773925781,56.88913345336914,0.0071779138901654415,1.353209649809584,0.4406554332288297,0.2057142857142857,0.01834001979888501,55.9573860168457,45.55680465698242
pancreas_087.nii,77,0.6445310115814209,5.0,7.7575665911954035,385.0,329.9998779296875,0.5268915349786932,0.03896386282784598,0.42151671570616883,-1005.0,170.0,-500.1841125488281,496.22686767578125,0.19060076773166656,-1.7176815271377563,1.0,111.56160736083984,62.164031982421875,0.0022721228661475245,1.2327944303825333,0.7167048239179212,0.10919540229885058,0.10927960927960928,31.809856414794922,27.782926559448242
pancreas_088.nii,103,0.7636719942092896,2.5,3.273652491258397,257.5,391.00006103515625,0.5986008875578352,0.024309473130309466,0.3618372204234299,-1024.0,145.0,-567.1541748046875,503.09149169921875,0.5036230087280273,-1.4377132654190063,0.0,70.94450378417969,50.503089904785156,0.00542798088592233,1.268355135892478,0.5732669158316817,0.20707070707070707,0.18453749633258507,36.40235137939453,32.39695358276367
pancreas_089.nii,91,0.7773439884185791,2.5,3.2160752783470934,227.5,398.0001220703125,0.550010974590595,0.016872112567608174,0.42023656656453895,-1024.0,129.0,-531.0195922851562,496.7803649902344,0.27715566754341125,-1.643244743347168,1.0,78.2769546508789,190.1381378173828,0.002520928016075721,1.2264907968363883,0.48779169808893696,0.20833333333333334,0.06335428514416841,85.92414855957031,109.96724700927734
pancreas_091.nii,71,0.8164060115814209,2.5,3.062198100378114,177.5,417.9998779296875,0.5876014602016395,0.008679027288732395,0.3896760537590779,-1024.0,78.0,-579.6832885742188,471.9421691894531,0.38946300745010376,-1.6383763551712036,1.0,-19.311786651611328,46.181392669677734,0.003928117349114217,1.1873732362116651,0.4181887370228297,0.15432098765432098,0.1271884232410548,16.171846389770508,29.414276123046875
pancreas_092.nii,92,0.8046879768371582,5.0,6.21358082926968,460.0,412.000244140625,0.5019479834515116,0.023420292398203976,0.4601332623025645,-1024.0,104.0,-485.8036804199219,486.8979797363281,0.11502616852521896,-1.633508324623108,1.0,33.358116149902344,50.612998962402344,0.0013568712317425272,1.066264016508559,0.6811125784928732,0.0625,0.04605042016806723,15.98473834991455,25.236515045166016
pancreas_093.nii,97,0.9316409826278687,3.0,3.220121093660834,291.0,477.00018310546875,0.6543346287048969,0.017692054669881604,0.31768496011950303,-1024.0,98.0,-643.1600952148438,478.3874206542969,0.7357022166252136,-1.1807104349136353,1.0,38.897647857666016,50.433860778808594,0.0020775549190560566,1.4257434710843917,0.7332192162359807,0.1949685534591195,0.09663253137481308,15.623702049255371,28.465309143066406
pancreas_094.nii,84,0.7226560115814209,2.5,3.4594558136634475,210.0,369.9998779296875,0.5329890024094355,0.021009308951241628,0.4297764187767392,-1024.0,144.0,-494.2172546386719,513.971923828125,0.1877630650997162,-1.7416850328445435,1.0,90.39167785644531,86.84069061279297,0.007604871477399554,1.1374335917095346,0.3929771384063322,0.18181818181818182,0.07861531938779776,72.61868286132812,197.74729919433594
pancreas_095.nii,93,0.7519530057907104,2.5,3.3246714303638125,232.5,384.99993896484375,0.6174728639664189,0.019501675841628863,0.3493189247705603,-1024.0,137.0,-589.6475830078125,481.74908447265625,0.5265884399414062,-1.4859001636505127,0.0,102.10289764404297,47.78926086425781,0.003826182375672043,1.4359144656666272,0.4468396639460794,0.16489361702127658,0.04442490968149999,54.518821716308594,41.233646392822266
pancreas_096.nii,108,0.9257810115814209,2.5,2.7004197194645205,270.0,473.9998779296875,0.544923535099736,0.01143575597692419,0.4259924712004485,-1024.0,102.0,-535.635498046875,482.3569030761719,0.23767304420471191,-1.69463312625885,0.0,22.916414260864258,50.58304214477539,0.0029757817586263022,1.1579639631726615,0.4654812872582362,0.17222222222222222,0.16772700296735904,4.6798529624938965,27.742210388183594
pancreas_098.nii,147,0.9277340173721313,2.5,2.694734976245059,367.5,474.99981689453125,0.49396849651725927,0.01797539847237723,0.47277655569063565,-1024.0,93.0,-504.3790283203125,476.7933044433594,0.05242817476391792,-1.7959610223770142,0.0,30.05599594116211,65.38557434082031,0.0011131649925595238,1.1208945640805832,0.549265329028461,0.24050632911392406,0.14795906473646175,2.6005988121032715,27.83245277404785
pancreas_099.nii,48,0.71875,5.0,6.956512060504959,240.0,368.0,0.6563452879587809,0.02058299382527669,0.3090213934580485,-1024.0,125.0,-630.9920043945312,480.8681640625,0.7414376139640808,-1.1033868789672852,1.0,82.0947265625,30.51062774658203,0.004839022954305013,1.4829152411541926,0.4651305283927404,0.06565656565656566,0.07935621612744292,35.2493782043457,22.927139282226562
pancreas_100.nii,98,0.8203120231628418,2.5,3.0476171039694933,245.0,419.999755859375,0.499426861198581,0.020308630807059153,0.46818414026377153,-1024.0,149.0,-483.3182373046875,506.0202331542969,0.1635672003030777,-1.0642616748809814,1.0,56.40745544433594,64.46118927001953,0.0031906050078722896,1.0666089146633788,0.5865572272267938,0.1746987951807229,0.08672896740191294,16.312843322753906,35.200706481933594
pancreas_101.nii,98,0.7539060115814209,5.0,6.63211765269543,490.0,385.9998779296875,0.4913717775928731,0.024259645111706793,0.47065999556560906,-1008.0,107.0,-469.17608642578125,494.1322937011719,0.0754052922129631,-1.6624678373336792,0.0,34.16825866699219,45.18986892700195,0.0019744950897839604,1.0186428826660128,0.6552963592722045,0.08717948717948718,0.061566060797224306,15.065321922302246,27.634981155395508
pancreas_102.nii,92,0.7929689884185791,2.5,3.1527044358712146,230.0,406.0001220703125,0.551436299863069,0.020623165628184444,0.41506477024244226,-1024.0,147.0,-525.70703125,504.15252685546875,0.26227104663848877,-1.70218026638031,1.0,58.63352966308594,68.9878921508789,0.002714322960895041,1.1590551046103366,0.4553507926589715,0.1774193548387097,0.03294991063654278,28.650903701782227,38.819244384765625
pancreas_103.nii,90,0.6621090173721313,2.5,3.7758075461874543,225.0,338.99981689453125,0.581377198961046,0.032284376356336804,0.3742105695936415,-1024.0,176.0,-543.081787109375,507.23968505859375,0.45920467376708984,-1.149377703666687,1.0,87.88660430908203,65.4052963256836,0.002803378634982639,1.2439255223132735,0.543988167190912,0.1746987951807229,0.1394142816104988,44.09879684448242,46.48945999145508
pancreas_104.nii,100,0.8984379768371582,2.5,2.782604121652131,250.0,460.000244140625,0.5357485580444336,0.014717330932617187,0.43103412628173826,-1024.0,115.0,-529.4464721679688,477.3973083496094,0.22807005047798157,-1.5311226844787598,1.0,16.45501708984375,54.03895950317383,0.0012720489501953124,1.1434951110250935,0.4874716558941912,0.28440366972477066,0.01763277056406873,11.044218063354492,27.95857048034668
pancreas_105.nii,98,0.7695310115814209,5.0,6.49745549860205,490.0,393.9998779296875,0.5482290229018854,0.022106482058155293,0.41638810294015066,-1008.0,98.0,-531.3530883789062,493.23687744140625,0.2841322124004364,-1.6741950511932373,0.0,46.61296844482422,37.57203674316406,0.0012071959826411034,1.1717819207883693,0.7001300239092848,0.057692307692307696,0.05494292899980654,24.745891571044922,29.585546493530273
pancreas_106.nii,55,0.703125,3.75,5.333325748158936,206.25,360.0,0.5105857849121094,0.021558102694424715,0.4537111455743963,-1024.0,98.0,-490.2198791503906,497.8576354980469,0.1308785378932953,-1.716680645942688,0.0,47.41286087036133,34.52957534790039,0.003939125754616477,1.0798925247034172,0.3819580744147343,0.1,0.018945329694515362,9.283456802368164,18.090965270996094
pancreas_107.nii,102,0.78125,2.5,3.1999959040052426,255.0,400.0,0.520452948177562,0.014527563955269608,0.44811222600001915,-1024.0,126.0,-516.4581909179688,474.0261535644531,0.15862131118774414,-1.5841829776763916,1.0,74.98529052734375,57.9183349609375,0.0019018883798636642,1.2477022116822758,0.5258662386165082,0.13636363636363635,0.04097925474387966,27.93906021118164,34.743072509765625
pancreas_109.nii,99,0.796875,2.5,3.1372509650183966,247.5,408.0,0.49586918378117106,0.023550284029257417,0.46654221505829785,-1024.0,151.0,-485.0624084472656,498.9170227050781,0.05764750763773918,-1.765716314315796,1.0,53.619850158691406,64.53751373291016,0.00327447448113952,1.0797031029439979,0.5216428768350472,0.12871287128712872,0.01632129534837199,38.69070053100586,45.61338806152344
pancreas_110.nii,98,0.9765620231628418,2.5,2.559998628560735,245.0,499.999755859375,0.6239742356903699,0.009660837601642219,0.3519250130166813,-1024.0,102.0,-615.0796508789062,460.7073669433594,0.5392153263092041,-1.4604958295822144,1.0,73.71117401123047,144.87840270996094,0.0028460755640146683,1.49507230145887,0.38656548717886896,0.19858156028368795,0.014688786465527853,29.877094268798828,30.119869232177734
pancreas_111.nii,57,0.8417969942092896,5.0,5.93966727694161,285.0,431.00006103515625,0.5543051602547628,0.024077499121950383,0.40559025814658717,-1024.0,144.0,-532.0496215820312,504.220947265625,0.31480517983436584,-1.6305159330368042,0.0,77.04659271240234,45.98012161254883,0.0023899412991707785,1.207994662636587,0.4118235647541736,0.10285714285714286,0.02548163082437276,46.33406448364258,31.107654571533203
pancreas_113.nii,100,0.6894530057907104,2.5,3.62605769058204,250.0,352.99993896484375,0.5360481262207031,0.0223553466796875,0.4256614685058594,-1024.0,143.0,-514.2496948242188,487.2943420410156,0.1997629851102829,-1.7121511697769165,1.0,65.5240478515625,54.77915573120117,0.004328765869140625,1.1897813938442985,0.5852452442444844,0.11057692307692307,0.16712637803255284,22.75096321105957,27.31725311279297
pancreas_114.nii,98,0.7070310115814209,2.5,3.5359077934933123,245.0,361.9998779296875,0.5698689441291653,0.026898403556979433,0.3870971835389429,-1024.0,150.0,-538.2639770507812,505.03924560546875,0.36839964985847473,-1.5784064531326294,1.0,91.604736328125,38.208675384521484,0.003395469821229273,1.2471678540082904,0.536819147266465,0.27941176470588236,0.05766298678222192,35.61610412597656,32.3299674987793
pancreas_117.nii,134,0.6601560115814209,3.0,4.544373455662362,402.0,337.9998779296875,0.5050898879321654,0.04267530298944729,0.4362715820767986,-1008.0,163.0,-470.0348205566406,500.8923034667969,0.1956571489572525,-1.5126851797103882,1.0,74.89688110351562,35.841407775878906,0.002486812534616954,1.0879218881995794,0.7223505507975322,0.14953271028037382,0.04519437703191538,52.103851318359375,30.19076156616211
pancreas_119.nii,85,0.8984379768371582,2.5,2.782604121652131,212.5,460.000244140625,0.6877443201401654,0.01451734655043658,0.28397517484777113,-1024.0,123.0,-668.744384765625,461.59429931640625,0.8503095507621765,-1.0448269844055176,0.0,76.11614990234375,61.35808181762695,0.002657632266773897,1.6136692635879466,0.4787306267471396,0.16883116883116883,0.12786436785491143,18.83610725402832,25.8967227935791
pancreas_120.nii,104,0.6835939884185791,4.0,5.8514179708273675,416.0,350.0001220703125,0.564814934363732,0.047213040865384616,0.3730241335355319,-1006.0,192.0,-536.6259765625,500.3833312988281,0.40309667587280273,-1.5042612552642822,1.0,105.22161865234375,42.653785705566406,0.0009394425612229567,1.282711780718414,0.7090527659209251,0.06521739130434782,0.017725373833600126,66.98898315429688,30.198423385620117
pancreas_122.nii,97,0.7910159826278687,2.5,3.1604884027832774,242.5,405.00018310546875,0.5602726100646344,0.015836853341957956,0.4058288495565198,-1024.0,129.0,-526.7283325195312,502.6039123535156,0.26948410272598267,-1.7696892023086548,1.0,68.09822845458984,49.14970016479492,0.0016278925630235181,1.183489712615387,0.459046801692515,0.2564102564102564,0.10909530136489914,73.49158477783203,26.13956642150879
pancreas_124.nii,82,0.9511719942092896,2.5,2.628333662982359,205.0,487.00006103515625,0.5531057962557164,0.012892699823146912,0.42142416791218085,-1024.0,115.0,-550.7116088867188,487.74273681640625,0.2612999379634857,-1.7579195499420166,1.0,23.584918975830078,61.39588928222656,0.0028229690179592225,1.1774578755055145,0.4622809697149447,0.18181818181818182,0.2565298353739927,16.225797653198242,37.7799186706543
pancreas_125.nii,102,0.9316409826278687,2.5,2.6834342447173616,255.0,477.00018310546875,0.56525032193053,0.01143635020536535,0.409573798086129,-1024.0,99.0,-555.1167602539062,478.8437805175781,0.31611743569374084,-1.6724696159362793,0.0,16.24022102355957,56.48982620239258,0.0030651466519224877,1.1932012136958108,0.4330923400393767,0.18085106382978725,0.044107419563440255,16.094329833984375,24.95614242553711
pancreas_126.nii,73,0.734375,2.5,3.404250683573537,182.5,376.0,0.686089084572988,0.02921755019932577,0.2717514560647207,-1024.0,176.0,-654.7894897460938,475.3533935546875,0.8550188541412354,-1.0215193033218384,1.0,116.91697692871094,58.50315856933594,0.005483496679018622,1.623437374203968,0.2638433018631368,0.2247191011235955,0.04988755050697568,33.41279983520508,29.059911727905273
pancreas_127.nii,126,0.8691409826278687,2.5,2.876400001345233,315.0,445.00018310546875,0.5353126828632657,0.017333651345873637,0.43300083705357145,-1024.0,119.0,-518.3016357421875,492.7677917480469,0.21762318909168243,-1.6986263990402222,0.0,42.90583038330078,63.39161682128906,0.00312011960953001,1.138888284471211,0.4116390583555894,0.17297297297297298,0.049243637139890745,24.239408493041992,43.494266510009766
pancreas_129.nii,44,0.7304689884185791,5.0,6.844908181408904,220.0,374.0001220703125,0.5725073380903765,0.0140449350530451,0.39922514828768646,-1007.0,116.0,-556.3455200195312,477.1517639160156,0.3529321551322937,-1.6710755825042725,0.0,79.45008850097656,38.390235900878906,0.002859288995916193,1.3324808902937106,0.4319739137724657,0.07317073170731707,0.05961007853006276,24.62970542907715,26.071779251098633
pancreas_130.nii,130,0.65625,3.0,4.571421605452792,390.0,336.0,0.5018733978271485,0.04035770709698017,0.4391568697415865,-1012.0,168.0,-477.38262939453125,500.00439453125,0.1626708060503006,-1.6131454706192017,1.0,110.92125701904297,52.903568267822266,0.002052571223332332,1.1765974292856103,0.7546127505221489,0.13917525773195877,0.031093638313080773,32.292415618896484,26.969783782958984
pancreas_131.nii,59,0.8027340173721313,2.5,3.1143527389450503,147.5,410.99981689453125,0.4748147220934852,0.018228692523503707,0.4942901094081038,-1024.0,147.0,-458.30157470703125,508.8836364746094,-0.008599383756518364,-1.7771308422088623,0.0,63.03289031982422,60.94251251220703,0.007574372372384799,1.0244669441800776,0.4943083409339594,0.22424242424242424,0.0449082373026035,35.96806716918945,43.99562072753906
pancreas_135.nii,60,0.7226560115814209,5.0,6.918911627326895,300.0,369.9998779296875,0.4765417734781901,0.029509607950846353,0.47841339111328124,-1024.0,149.0,-462.83251953125,502.439453125,-0.012627817690372467,-1.7949552536010742,0.0,72.4549789428711,38.64112854003906,0.003675969441731771,1.065377119729433,0.5743580334820089,0.10270270270270271,0.07039208564658676,28.511547088623047,31.651662826538086
pancreas_137.nii,85,0.8398439884185791,2.5,2.9767397965992255,212.5,430.0001220703125,0.5929740905761719,0.015740607766544117,0.37476043701171874,-1024.0,113.0,-574.412353515625,490.6246643066406,0.44018566608428955,-1.5501805543899536,0.0,55.04353713989258,49.35379409790039,0.00290374755859375,1.282968295656533,0.46157150704231353,0.22012578616352202,0.05481971469638193,22.907245635986328,29.820167541503906
pancreas_138.nii,95,0.9375,2.5,2.666663822225256,237.5,480.0,0.595878119217722,0.016583533036081413,0.37464852584035774,-1024.0,121.0,-576.5133056640625,493.0149230957031,0.5694404244422913,-0.6410887241363525,1.0,56.23201370239258,55.45066452026367,0.0025001927425986844,1.2834202139560946,0.4385599134235726,0.20245398773006135,0.14463984582028427,21.303909301757812,26.071374893188477
pancreas_140.nii,56,0.8203120231628418,5.0,6.0952342079389865,280.0,419.999755859375,0.6113127299717495,0.02150303976876395,0.34254278455461773,-1024.0,129.0,-591.9740600585938,481.8106689453125,0.5149876475334167,-1.5329114198684692,1.0,28.66095733642578,37.36431884765625,0.0013164111546107701,1.2881304962911349,0.444890030865367,0.062146892655367235,0.20340473972886267,24.477994918823242,23.061634063720703
pancreas_145.nii,93,0.9375,2.5,2.666663822225256,232.5,480.0,0.7139131279401881,0.013186136881510416,0.2600617357479629,-1024.0,124.0,-700.5027465820312,444.6511535644531,0.9829640984535217,-0.8181579113006592,1.0,85.50147247314453,179.7288055419922,0.0018558707288516465,1.7676873454316935,0.3334949349624617,0.25,0.034920213941563895,99.67278289794922,33.713478088378906
pancreas_147.nii,85,0.7324219942092896,2.5,3.4133281174479704,212.5,375.00006103515625,0.5249331306008732,0.020380177217371325,0.440740966796875,-1024.0,143.0,-509.1272888183594,495.91259765625,0.15053246915340424,-1.7786383628845215,1.0,93.91236877441406,56.98523712158203,0.003177373549517463,1.216020039068982,0.4654881245487692,0.2773109243697479,0.012429378531073447,88.68977355957031,22.47691535949707
pancreas_148.nii,42,0.7617189884185791,5.0,6.564091892062058,210.0,390.0001220703125,0.5669324965704055,0.01623635064987909,0.4004273187546503,-1024.0,129.0,-533.8984375,496.74322509765625,0.3099879324436188,-1.7257009744644165,1.0,67.14257049560547,50.30339431762695,0.0023322332473028275,1.2099631689339736,0.49025939141076796,0.07792207792207792,0.05599906538416605,52.33310317993164,19.493934631347656
pancreas_149.nii,77,0.765625,2.5,3.2653018575649204,192.5,392.0,0.5782635676396357,0.016168074174360794,0.38880747014825995,-1024.0,144.0,-546.579833984375,497.2994689941406,0.36552244424819946,-1.6492270231246948,0.0,54.64140701293945,52.59556579589844,0.003200085132153003,1.2089722134720922,0.30052306345609947,0.16393442622950818,0.0838919421007818,71.91696166992188,27.920433044433594
pancreas_155.nii,95,0.8320310115814209,2.5,3.0046920854022394,237.5,425.9998779296875,0.7043778670461555,0.018051990709806745,0.2625355369166324,-1024.0,138.0,-678.4768676757812,462.59295654296875,0.9300102591514587,-0.9371049404144287,1.0,78.79198455810547,62.29966735839844,0.0015867935983758224,1.6370090376128272,0.4396082652310865,0.17482517482517482,0.08828888101624577,65.7876205444336,27.703718185424805
pancreas_157.nii,77,0.78125,2.5,3.1999959040052426,192.5,400.0,0.5730343608113079,0.024487780286120128,0.38911517254717937,-1024.0,153.0,-544.6839599609375,500.6232604980469,0.35696834325790405,-1.6419916152954102,1.0,94.82772064208984,62.78046798706055,0.003975063175350041,1.2774310140710916,0.3751938405032837,0.15384615384615385,0.03347541065330641,83.98213195800781,32.040245056152344
pancreas_158.nii,66,0.9492189884185791,5.0,5.267482839599814,330.0,486.0001220703125,0.5525675686922941,0.016392447731711647,0.41440796129631274,-1024.0,108.0,-558.78466796875,482.2826232910156,0.26194655895233154,-1.7474814653396606,0.0,52.94963836669922,50.93391799926758,0.0023687536066228695,1.2684145675675862,0.6067275400718573,0.12578616352201258,0.06407378489166504,72.88195037841797,37.19292449951172
pancreas_159.nii,90,0.65625,2.5,3.809518004543993,225.0,336.0,0.5279579586452908,0.027814737955729165,0.4258808983696832,-1024.0,153.0,-502.99786376953125,497.1971130371094,0.18381255865097046,-1.6687088012695312,1.0,121.51417541503906,234.2047882080078,0.0035354190402560764,1.2560652939308061,0.34215390875179,0.1881720430107527,0.07263942837960966,99.24360656738281,27.349178314208984
pancreas_160.nii,75,0.8203120231628418,2.5,3.0476171039694933,187.5,419.999755859375,0.6379782104492188,0.018288014729817708,0.33051432291666666,-1024.0,147.0,-614.5928955078125,481.08697509765625,0.6229442954063416,-1.404077410697937,1.0,80.29408264160156,53.75405502319336,0.0022361246744791665,1.4444102889377708,0.35813270987021306,0.19117647058823528,0.21435232571363586,74.93803405761719,26.82867431640625
pancreas_165.nii,85,0.9765620231628418,2.5,2.559998628560735,212.5,499.999755859375,0.6222894107594209,0.015967604693244486,0.3484130859375,-1024.0,127.0,-616.4685668945312,471.048583984375,0.5529587268829346,-1.458396315574646,1.0,101.994140625,58.77149200439453,0.001592254638671875,1.5252411968148958,0.40934139515072765,0.2897196261682243,0.012542277339346111,117.40449523925781,33.251953125
pancreas_166.nii,95,0.9257810115814209,2.5,2.7004197194645205,237.5,473.9998779296875,0.595418267501028,0.014948794716282895,0.3775341234709087,-1024.0,118.0,-595.7169189453125,476.65093994140625,0.4610235095024109,-1.533709168434143,1.0,63.074798583984375,61.62681198120117,0.0019272252133018092,1.3821261240524454,0.5273911152341227,0.21481481481481482,0.08163180265022085,81.8966293334961,36.766578674316406
pancreas_167.nii,101,0.7597659826278687,2.5,3.290482552101756,252.5,389.00018310546875,0.5741978635882387,0.024010233359761757,0.38559813546662286,-1024.0,154.0,-548.6430053710938,495.9023742675781,0.35890132188796997,-1.6102592945098877,1.0,56.798248291015625,55.281822204589844,0.0030088141413018256,1.220887988962397,0.39423981549426385,0.2323943661971831,0.09389435629644508,71.29785919189453,25.199344635009766
pancreas_169.nii,87,0.7421879768371582,2.5,3.368414350013337,217.5,380.000244140625,0.64358559970198,0.03172674946401311,0.31193279397898704,-1024.0,176.0,-617.3604736328125,483.9358825683594,0.6559625267982483,-1.331697702407837,1.0,116.95924377441406,119.03707885742188,0.0010392199987652659,1.5173905104796774,0.33334642366773237,0.2892561983471074,0.05649312294321154,126.81179809570312,26.9130859375
pancreas_170.nii,103,0.8027340173721313,2.5,3.1143527389450503,257.5,410.99981689453125,0.5452969745524878,0.014996463812670661,0.4280682536004816,-1024.0,131.0,-530.1002807617188,491.83746337890625,0.23169447481632233,-1.7422891855239868,1.0,101.12733459472656,40.35318374633789,0.0015167680758874393,1.2834069404484292,0.4832582661315587,0.2535211267605634,0.04058112562568673,102.79241943359375,31.182966232299805
pancreas_172.nii,95,0.7402340173721313,2.5,3.377305776312928,237.5,378.99981689453125,0.4707330804122122,0.0120513916015625,0.504651521381579,-1024.0,110.0,-460.4589538574219,491.81494140625,-0.06183285266160965,-1.7866274118423462,1.0,31.861679077148438,66.60441589355469,0.003623560855263158,1.001028213022252,0.5205480068385764,0.18055555555555555,0.014383705854323423,68.47457885742188,28.867101669311523
pancreas_173.nii,81,0.6933590173721313,2.5,3.6056304623319977,202.5,354.99981689453125,0.5377255663459684,0.03141798796477141,0.41721659530828026,-1024.0,166.0,-509.3056640625,502.8299560546875,0.2884083092212677,-1.258499026298523,1.0,109.84811401367188,78.25313568115234,0.0018774903850790896,1.2313382872071663,0.44559149144574123,0.21621621621621623,0.03973210926330047,104.7714614868164,33.58529281616211
pancreas_175.nii,91,0.7773439884185791,2.5,3.2160752783470934,227.5,398.0001220703125,0.5567642882630065,0.02400308126931662,0.4002852806678185,-1024.0,154.0,-530.5565185546875,500.65838623046875,0.29463788866996765,-1.6806501150131226,1.0,90.33343505859375,46.27661895751953,0.0016664358285757212,1.2401469134431302,0.358381960737566,0.18181818181818182,0.044020727473964884,123.13371276855469,25.200054168701172
pancreas_178.nii,110,0.8007810115814209,2.5,3.121948250389498,275.0,409.9998779296875,0.5755478945645419,0.020296478271484376,0.39246177673339844,-1024.0,133.0,-566.2496948242188,487.8268737792969,0.3795105814933777,-1.6248873472213745,0.0,116.31846618652344,48.23470687866211,0.0013865384188565342,1.3992016354563295,0.5046848308606353,0.22033898305084745,0.08503614035965286,131.54322814941406,32.20320129394531
pancreas_179.nii,89,0.7851560115814209,2.5,3.1840765135175126,222.5,401.9998779296875,0.638958277327291,0.023837143115783006,0.3207487899265932,-1024.0,140.0,-622.7650146484375,476.7967834472656,0.6362661123275757,-1.34656822681427,1.0,128.8656005859375,38.28778839111328,0.0014705872267819524,1.5764171230846595,0.46255619913927437,0.20300751879699247,0.034945061350587274,108.88823699951172,24.314334869384766
pancreas_180.nii,95,0.7421879768371582,2.5,3.368414350013337,237.5,380.000244140625,0.5815901103772615,0.031404234233655424,0.3686480070415296,-1024.0,172.0,-552.5526123046875,492.3990783691406,0.45228642225265503,-1.2418345212936401,1.0,105.32061004638672,41.254024505615234,0.0023127907200863485,1.3360569706871472,0.40422188961194655,0.19230769230769232,0.15377270044098754,73.61837768554688,27.055673599243164
pancreas_181.nii,87,0.9765620231628418,2.5,2.559998628560735,217.5,499.999755859375,0.6488321677021597,0.010810106650166127,0.327423008008935,-1024.0,106.0,-645.69775390625,462.2362976074219,0.6526923179626465,-1.3667614459991455,0.0,96.34615325927734,33.1827392578125,0.0013244453517869972,1.6053345645962491,0.4609645895411293,0.32,0.07531366901711524,78.13538360595703,26.298524856567383
pancreas_182.nii,79,0.6738280057907104,2.5,3.7101400778471287,197.5,344.99993896484375,0.6042308083063439,0.04185514812228046,0.34010295626483383,-1024.0,188.0,-562.2060546875,516.1888427734375,0.4635090231895447,-1.5813289880752563,1.0,119.49243927001953,46.655879974365234,0.0024994958805132517,1.320637790181933,0.4488448634725511,0.15483870967741936,0.39214512016072944,101.21282196044922,35.171634674072266
pancreas_183.nii,76,0.8222659826278687,2.5,3.0403750275978414,190.0,421.00018310546875,0.6987249976710269,0.02187984868099815,0.26451095781828227,-1024.0,156.0,-682.11572265625,460.02294921875,0.9198400378227234,-0.9303340911865234,1.0,109.9161148071289,46.230804443359375,0.0007790515297337583,1.7217224425145574,0.4415944044791719,0.21296296296296297,0.11673753382296095,125.7544174194336,31.404993057250977
pancreas_186.nii,51,0.7089840173721313,5.0,7.052335208059277,255.0,362.99981689453125,0.6700886745078891,0.01799489937576593,0.2918268091538373,-1024.0,140.0,-626.7484741210938,491.14794921875,0.7518376708030701,-1.2786449193954468,0.0,116.42227172851562,22.589914321899414,0.0022108040603936886,1.513130097598111,0.3718411742876943,0.11299435028248588,0.08288788145341362,93.56612396240234,15.940217018127441
pancreas_187.nii,95,0.8398439884185791,2.5,2.9767397965992255,237.5,430.0001220703125,0.5788609956440173,0.017685498689350328,0.38937638935289887,-1024.0,131.0,-565.4935302734375,489.7353210449219,0.38416802883148193,-1.6201159954071045,1.0,64.65071868896484,54.822608947753906,0.00149383544921875,1.286703696051969,0.53256530638916,0.23493975903614459,0.2430449157326022,54.67993927001953,37.67417907714844
pancreas_191.nii,57,0.7382810115814209,2.5,3.386239893133695,142.5,377.9998779296875,0.5705407125908032,0.027159506814521655,0.38835967214483963,-1024.0,133.0,-543.668212890625,505.2474060058594,0.37587159872055054,-1.5747032165527344,1.0,52.112335205078125,49.862945556640625,0.0034655520790501646,1.1791857609450211,0.626890342165988,0.17964071856287425,0.12762629383593388,64.61734008789062,28.971912384033203
pancreas_193.nii,113,0.7773439884185791,2.5,3.2160752783470934,282.5,398.0001220703125,0.5189965172151548,0.02320470219164823,0.44096364384203884,-1024.0,150.0,-496.4335632324219,506.25018310546875,0.16705536842346191,-1.710893988609314,1.0,80.37735748291016,46.89189147949219,0.0015162577671287334,1.139379182122259,0.498662464222504,0.15591397849462366,0.10337073648588477,81.29937744140625,37.102317810058594
pancreas_194.nii,98,0.7304689884185791,2.5,3.422454090704452,245.0,374.0001220703125,0.5285124876061265,0.02815768183494101,0.4291553886569276,-1024.0,151.0,-511.1246032714844,502.2492370605469,0.20500913262367249,-1.6641464233398438,1.0,112.28862762451172,39.347469329833984,0.0035157884870256695,1.2412427608717302,0.5105207474168951,0.2304147465437788,0.05142711631717632,125.0958023071289,39.68740463256836
pancreas_196.nii,92,0.6445310115814209,2.5,3.8787832955977017,230.0,329.9998779296875,0.5237182948900305,0.021705046943996265,0.4408734363058339,-1024.0,145.0,-495.45159912109375,497.029296875,0.16020691394805908,-1.6851582527160645,1.0,103.12669372558594,37.81692886352539,0.0021218009617017665,1.2043118894717926,0.3093410000395942,0.12135922330097088,0.05790162781154124,141.36483764648438,25.74103546142578
pancreas_197.nii,73,0.8515620231628418,2.5,2.935778012899854,182.5,435.999755859375,0.6235712652337061,0.016330823506394476,0.34671349721412137,-1024.0,131.0,-610.435791015625,477.521240234375,0.5568096041679382,-1.4760617017745972,1.0,63.22057342529297,50.135169982910156,0.0011378771638217038,1.410735913442386,0.4837318084813487,0.15942028985507245,0.08325679647318149,81.2448959350586,39.30472183227539
pancreas_198.nii,111,0.8984379768371582,2.5,2.782604121652131,277.5,460.000244140625,0.5741508758819855,0.01346316638293567,0.39687519245319536,-1024.0,114.0,-564.5990600585938,482.4131164550781,0.35041940212249756,-1.6746028661727905,0.0,95.21903991699219,36.23188018798828,0.001297993702931447,1.3677449391434253,0.5147793832916736,0.147239263803681,0.08040773100344188,52.78004455566406,22.470111846923828
pancreas_199.nii,95,0.8027340173721313,2.5,3.1143527389450503,237.5,410.99981689453125,0.6554950111790707,0.024256656044407895,0.30631312320106907,-1024.0,147.0,-614.7625122070312,494.9314270019531,0.7436293363571167,-1.0806856155395508,1.0,104.19671630859375,39.272220611572266,0.0026810093929893093,1.4526441196471924,0.4160941423502853,0.19135802469135801,0.1356937455068296,50.06523132324219,24.518611907958984
pancreas_200.nii,89,0.9394530057907104,2.5,2.6611201661712265,222.5,480.99993896484375,0.5409079991029889,0.011800230219123069,0.4311001809795251,-1024.0,102.0,-534.0572509765625,481.7645263671875,0.2323622703552246,-1.6209936141967773,1.0,31.55684471130371,48.23624801635742,0.002090111207426264,1.1740467875020009,0.3696489540484458,0.31333333333333335,0.05549061827130114,63.821876525878906,26.731178283691406
pancreas_201.nii,76,0.6445310115814209,2.5,3.8787832955977017,190.0,329.9998779296875,0.6125608243440327,0.049651296515213814,0.32469317787571955,-1024.0,200.0,-567.3958740234375,519.7293701171875,0.5386166572570801,-1.457158088684082,1.0,82.69747161865234,51.403743743896484,0.0020619442588404604,1.2508304932712917,0.3001293969631414,0.26490066225165565,0.11414035685596748,125.88697052001953,27.19471549987793
pancreas_203.nii,106,0.7617189884185791,2.5,3.282045946031029,265.0,390.0001220703125,0.5416670745273806,0.021070120469579158,0.4258518938748342,-1024.0,149.0,-527.1196899414062,505.2198181152344,0.234205424785614,-1.7554254531860352,0.0,107.614013671875,40.79958724975586,0.001950389934035967,1.2563515515382153,0.4930042482563536,0.16753926701570682,0.01256527114046903,74.77239227294922,31.263874053955078
pancreas_204.nii,73,0.6445310115814209,2.5,3.8787832955977017,182.5,329.9998779296875,0.6533394382424551,0.04288503568466395,0.29028874227445417,-1024.0,193.0,-621.7885131835938,498.31573486328125,0.7175716757774353,-1.2175796031951904,1.0,135.1044921875,59.54044723510742,0.0012757288266534675,1.5189024766794765,0.4238618598401483,0.1619718309859155,0.1945195379700172,121.39671325683594,33.32010269165039
pancreas_207.nii,81,0.734375,2.5,3.404250683573537,202.5,376.0,0.47932985093858504,0.03274201758113908,0.47418537846318,-1024.0,168.0,-459.41497802734375,489.85784912109375,-0.01970074512064457,-1.7430006265640259,1.0,115.02925872802734,105.27153015136719,0.0034830540786554786,1.172675372280688,0.43153571114010353,0.20496894409937888,0.035438553793317916,91.73025512695312,38.83760452270508
pancreas_209.nii,104,0.9609379768371582,2.5,2.6016220179022387,260.0,492.000244140625,0.5693596326387845,0.012162135197566105,0.40625513516939604,-1024.0,120.0,-562.5249633789062,493.42205810546875,0.33821341395378113,-1.6623164415359497,1.0,35.542850494384766,48.12080764770508,0.0021005777212289665,1.2120816303947495,0.43383034006698,0.3963963963963964,0.08402451588119227,78.0843734741211,71.81241607666016
pancreas_210.nii,93,0.8847659826278687,2.5,2.8256027282739318,232.5,453.00018310546875,0.5888929879793556,0.016628470472110215,0.3809713138047085,-1024.0,128.0,-574.3539428710938,491.8470153808594,0.42599159479141235,-1.5936027765274048,1.0,97.38713836669922,130.3390655517578,0.0016049620925739248,1.365752071000942,0.40317798552103923,0.2536231884057971,0.04546500038334739,100.90162658691406,37.0869255065918
pancreas_211.nii,121,0.9140620231628418,2.5,2.7350411696444055,302.5,467.999755859375,0.5417455562875291,0.014747209785398374,0.42567979796858857,-1024.0,113.0,-533.0897216796875,476.6551513671875,0.2961277365684509,-1.3132503032684326,1.0,92.15897369384766,87.55165100097656,0.0008481869027634298,1.3117422360135946,0.4614014775481033,0.3153153153153153,0.09589295669949824,100.18061828613281,34.890892028808594
pancreas_212.nii,97,0.8730469942092896,2.5,2.8635310046891798,242.5,447.00006103515625,0.5612279754324058,0.01608488731777545,0.4047632119090287,-1024.0,121.0,-542.0723876953125,481.85882568359375,0.35514312982559204,-1.3395732641220093,1.0,71.06443786621094,82.82984161376953,0.0019121858262524162,1.272440788895482,0.5377585241578997,0.24285714285714285,0.01384090161237249,58.91084671020508,37.22819519042969
pancreas_213.nii,95,0.9375,2.5,2.666663822225256,237.5,480.0,0.6311273675215872,0.020874264365748355,0.3310539245605469,-1024.0,130.0,-612.3272705078125,463.81964111328125,0.6344172954559326,-1.1321849822998047,1.0,37.56479263305664,61.200096130371094,0.0013597187243009868,1.401174086073186,0.4905346416537451,0.24087591240875914,0.2856214747659688,52.87034606933594,36.203590393066406
pancreas_214.nii,109,0.8496090173721313,2.5,2.942526510848557,272.5,434.99981689453125,0.6066988323806622,0.019111248331332424,0.35981883477727206,-1024.0,134.0,-592.8914794921875,487.3918151855469,0.5040227174758911,-1.5187715291976929,0.0,78.28748321533203,56.174842834472656,0.0016346852713768636,1.377082955475818,0.4820144434152402,0.16875,0.03453222008135303,74.0644760131836,31.8548641204834
pancreas_215.nii,99,0.7578120231628418,2.5,3.2989667946928254,247.5,387.999755859375,0.5429755702163234,0.025115581473918878,0.4183694858743687,-1024.0,145.0,-522.859619140625,501.59039306640625,0.28611093759536743,-1.4849367141723633,1.0,100.91569519042969,90.25434112548828,0.0019237633907433712,1.2435950163919451,0.4570119286004342,0.14124293785310735,0.020890500130190077,128.6212921142578,29.309003829956055
pancreas_217.nii,107,0.8300780057907104,2.5,3.0117615101210378,267.5,424.99993896484375,0.5446303536958783,0.019459875944618867,0.4225391494893582,-1024.0,135.0,-532.8008422851562,495.9393005371094,0.26160162687301636,-1.6509814262390137,1.0,71.44396209716797,155.9339599609375,0.003072150399751752,1.2183845936580018,0.47973689207762615,0.15048543689320387,0.015167163728778155,69.2165298461914,43.10539245605469
pancreas_218.nii,99,0.7539060115814209,2.5,3.316058826347715,247.5,385.9998779296875,0.5822130068384036,0.02078393493035827,0.3766333069464173,-1024.0,123.0,-553.9833374023438,472.2580261230469,0.4195408821105957,-1.2904396057128906,1.0,105.61226654052734,202.2078094482422,0.001662591491082702,1.3966847910687041,0.40081752509462976,0.14444444444444443,0.03710398850494797,109.54153442382812,39.05050277709961
pancreas_219.nii,192,0.9765620231628418,2.5,2.559998628560735,480.0,499.999755859375,0.5363632241884867,0.013412912686665853,0.4371785322825114,-1024.0,90.0,-541.537109375,480.0499267578125,0.24889591336250305,-1.6214913129806519,1.0,77.17398071289062,56.90639114379883,0.0008407235145568848,1.2888473767254338,0.684077377389478,0.28448275862068967,0.09499952736553549,76.89203643798828,35.3715705871582
pancreas_222.nii,77,0.6054689884185791,2.5,4.129023812608325,192.5,310.0001220703125,0.5697668001249239,0.04466311962573559,0.3729111312271713,-1024.0,195.0,-533.002685546875,511.9036560058594,0.34176215529441833,-1.6507422924041748,1.0,131.63038635253906,106.73358154296875,0.002131969897778003,1.2983557800443815,0.4981488447258141,0.25925925925925924,0.06585337515975369,94.37932586669922,35.79846954345703
pancreas_224.nii,93,0.8632810115814209,2.5,2.8959250470426503,232.5,441.9998779296875,0.5638675484606015,0.017057767478368617,0.40152699460265456,-1024.0,128.0,-551.302734375,481.8927001953125,0.3328368365764618,-1.5463707447052002,1.0,74.78616333007812,50.621334075927734,0.0013141837171328965,1.299228845243129,0.5186726336491941,0.2483221476510067,0.045911360799001245,116.52753448486328,32.560611724853516
pancreas_225.nii,81,0.7402340173721313,2.5,3.377305776312928,202.5,378.99981689453125,0.6022237612877364,0.021319212736906828,0.36254600242332174,-1024.0,139.0,-575.7037963867188,481.0316467285156,0.5819883346557617,-0.7264137268066406,1.0,131.0430908203125,40.00413131713867,0.0021484751760223767,1.4692315787212085,0.37800130513354563,0.19285714285714287,0.042655794480612,152.24151611328125,24.024272918701172
pancreas_226.nii,104,0.828125,2.5,3.0188642791072855,260.0,424.0,0.6098722311166617,0.019723855532132663,0.3550360386188214,-1024.0,136.0,-578.8182983398438,501.407470703125,0.5278129577636719,-1.4553163051605225,1.0,101.74653625488281,166.36383056640625,0.0011577239403357874,1.3573089213909395,0.39965520344709937,0.2302158273381295,0.10594347991382588,48.4261360168457,27.633852005004883
pancreas_227.nii,89,0.9765620231628418,2.5,2.559998628560735,222.5,499.999755859375,0.5563167186265581,0.0120511001415467,0.4179748363709182,-1024.0,112.0,-552.8724975585938,482.3968200683594,0.29037851095199585,-1.6369593143463135,1.0,92.7641830444336,89.19725799560547,0.0012714085953958918,1.3383933152236416,0.4860051452831865,0.3181818181818182,0.09294093851132686,87.60173797607422,34.59226608276367
pancreas_228.nii,113,0.8984379768371582,2.5,2.782604121652131,282.5,460.000244140625,0.7083682507540272,0.012158452937033324,0.2639360343460488,-1024.0,114.0,-683.9453125,464.1393127441406,0.954688310623169,-0.8569214344024658,1.0,91.81849670410156,32.66109085083008,0.0009098896938087666,1.6714029306117897,0.4912044488982843,0.33035714285714285,0.0465979075461898,103.38614654541016,23.74287986755371
pancreas_229.nii,87,0.8789060115814209,2.5,2.8444419797058393,217.5,449.9998779296875,0.584490677406048,0.012976723155756107,0.38602280890804597,-1024.0,113.0,-561.4630126953125,471.32220458984375,0.48597362637519836,-0.854698657989502,1.0,51.9824104309082,46.896236419677734,0.0010942919500942889,1.3015415269019939,0.3230439076765108,0.22900763358778625,0.14957127974997997,72.17868041992188,35.21848678588867
pancreas_230.nii,96,0.7792969942092896,2.5,3.208015442843031,240.0,399.00006103515625,0.5318290789922079,0.016866485277811687,0.4362024466196696,-1024.0,124.0,-512.712890625,483.3914794921875,0.20054827630519867,-1.6295889616012573,1.0,85.93065643310547,80.79905700683594,0.0006945133209228516,1.238423868059422,0.47055226080387225,0.19117647058823528,0.14548887236111907,103.29650115966797,28.436574935913086
pancreas_231.nii,93,0.7910159826278687,2.5,3.1604884027832774,232.5,405.00018310546875,0.5961132254651798,0.02304118166687668,0.36692006100890456,-1024.0,147.0,-571.021484375,495.1650085449219,0.4740891456604004,-1.4723355770111084,1.0,98.4920425415039,48.02251434326172,0.0012448628743489583,1.35210185293952,0.47067749330296577,0.1696969696969697,0.08701812191103789,80.49905395507812,34.47785568237305
pancreas_234.nii,81,0.8984379768371582,2.5,2.782604121652131,202.5,460.000244140625,0.6972412768705392,0.013033925751109182,0.27465721412941263,-1024.0,124.0,-671.6091918945312,467.95703125,0.8793227076530457,-1.0485750436782837,1.0,99.59191131591797,37.58936309814453,0.0022029641233844524,1.6480169119425585,0.39469117104283635,0.2396694214876033,0.14295181495574844,94.07701873779297,29.38295555114746
pancreas_235.nii,84,0.7773439884185791,2.5,3.2160752783470934,210.0,398.0001220703125,0.6706008457002186,0.012939543951125372,0.30412796565464567,-1024.0,123.0,-646.4895629882812,475.9993896484375,0.7628207206726074,-1.215606927871704,1.0,90.4727783203125,35.521705627441406,0.0022415433611188617,1.5482421948159544,0.3655764476675533,0.25,0.036932739059967586,113.81349182128906,19.958742141723633
pancreas_236.nii,81,0.859375,2.5,2.909087523970881,202.5,440.0,0.5847091674804688,0.018464830186631944,0.38204913669162327,-1024.0,137.0,-561.1740112304688,496.95623779296875,0.6954330801963806,0.3392958641052246,1.0,104.7380599975586,142.82891845703125,0.0009309745129243828,1.3399813087072348,0.43553741387146233,0.19834710743801653,0.10551874146390813,82.80105590820312,26.77669906616211
pancreas_239.nii,92,0.703125,2.5,3.555550498772624,230.0,360.0,0.573891598245372,0.039876274440599525,0.37328504479449726,-1024.0,177.0,-542.4244384765625,506.6746826171875,0.34530526399612427,-1.6936713457107544,1.0,125.9903793334961,43.76558303833008,0.0019304026728091033,1.3192188980870259,0.36747516382603895,0.1,0.03460274502223081,105.00930786132812,28.73560333251953
pancreas_241.nii,99,0.7988280057907104,2.5,3.1295809013912903,247.5,408.99993896484375,0.6281716703164457,0.023417463206281564,0.3362567015368529,-1024.0,143.0,-606.7782592773438,483.7303161621094,0.5909403562545776,-1.422879934310913,0.0,95.3617935180664,48.38233184814453,0.001551233156762942,1.4515113646683149,0.3613842196246819,0.24817518248175183,0.11252142378101791,93.82450103759766,32.06912612915039
pancreas_242.nii,101,0.8710939884185791,2.5,2.8699510767919816,252.5,446.0001220703125,0.6088385251489016,0.015040747009881653,0.3596877296372215,-1024.0,130.0,-585.8175659179688,475.22222900390625,0.5742151141166687,-0.959620475769043,1.0,100.1565170288086,41.29981994628906,0.0013921001169941213,1.4434806278762227,0.41795727262481025,0.19745222929936307,0.010987818443256735,121.80987548828125,18.74233055114746
pancreas_243.nii,51,0.7617189884185791,5.0,6.564091892062058,255.0,390.0001220703125,0.5737758711272595,0.018631355435240502,0.38861921721813725,-1024.0,143.0,-555.1102905273438,483.0977783203125,0.3656271994113922,-1.6491081714630127,0.0,53.764286041259766,43.802268981933594,0.0018036786247702205,1.2603547410738483,0.45274731714100774,0.09090909090909091,0.04855898818162969,53.46626663208008,23.26348876953125
pancreas_244.nii,103,0.9082030057907104,2.5,2.7526855024421772,257.5,464.99993896484375,0.6550082975220912,0.015798772423012742,0.3137359989499583,-1024.0,132.0,-638.094970703125,471.685302734375,0.7084447741508484,-1.2551050186157227,0.0,62.61691665649414,49.447364807128906,0.000763569063353307,1.4855495429092662,0.4531179098868207,0.2534246575342466,0.03429042584149772,50.4794921875,28.341035842895508
pancreas_246.nii,107,0.8984379768371582,2.5,2.782604121652131,267.5,460.000244140625,0.6897866436254199,0.01222831512165961,0.2838599659572138,-1024.0,122.0,-667.6669311523438,467.1187438964844,0.8636243939399719,-1.043953776359558,1.0,68.47159576416016,39.62105178833008,0.0015671988513982185,1.5759130520005904,0.4871569958210987,0.2,0.017993630573248407,81.8255386352539,27.114959716796875
pancreas_247.nii,89,0.6445310115814209,2.5,3.8787832955977017,222.5,329.9998779296875,0.605127227440309,0.03249899189123947,0.34817616323406775,-1024.0,155.0,-563.493896484375,509.80413818359375,0.4969596862792969,-1.4738849401474,1.0,100.42700958251953,108.96199035644531,0.0025063846888167137,1.302305836767244,0.5643071789370562,0.2782608695652174,0.032542709099304,67.82080841064453,28.205888748168945
pancreas_249.nii,123,0.9765620231628418,2.5,2.559998628560735,307.5,499.999755859375,0.6451718400164348,0.013914309866060086,0.32748654993568976,-1024.0,89.0,-637.3803100585938,472.2929992675781,0.7213646173477173,-0.9994862079620361,1.0,40.03767776489258,75.7150650024414,0.0011490922633225356,1.4343172298545488,0.429705217150474,0.20121951219512196,0.0703605743279715,71.03068542480469,32.17438507080078
pancreas_253.nii,94,0.7695310115814209,2.5,3.248727749301025,235.0,393.9998779296875,0.5426248996815783,0.02189940594612284,0.42155233342596826,-1024.0,154.0,-525.5838012695312,501.38739013671875,0.41101664304733276,-0.49201345443725586,1.0,69.77974700927734,59.350318908691406,0.0010703066562084442,1.1874322306530927,0.5775562267027698,0.16149068322981366,0.041933649289099525,104.86799621582031,36.5695686340332
pancreas_254.nii,101,0.9765620231628418,2.5,2.559998628560735,252.5,499.999755859375,0.6640092075461208,0.007847021121789914,0.31444254960163986,-1024.0,110.0,-655.1044311523438,462.02752685546875,0.7318277955055237,-1.2746756076812744,0.0,92.41841125488281,38.977760314941406,0.0010788039405747215,1.6179184081885838,0.4814453879607023,0.36,0.07744013443495308,82.52531433105469,25.124784469604492
pancreas_255.nii,99,0.8203120231628418,2.5,3.0476171039694933,247.5,419.999755859375,0.6151857857752328,0.017309362238103695,0.35194104127209597,-1024.0,137.0,-591.7572021484375,487.31097412109375,0.513965368270874,-1.5436574220657349,1.0,82.27015686035156,110.27113342285156,0.0022236217151988635,1.3831565333436158,0.3883553735155653,0.20408163265306123,0.04735829766587534,83.60409545898438,30.959068298339844
pancreas_256.nii,89,0.7734379768371582,2.5,3.232317060388277,222.5,396.000244140625,0.6875139729360517,0.032293041100662744,0.2661429415927844,-1024.0,182.0,-661.7503662109375,476.7100524902344,0.9006445407867432,-0.8663387298583984,0.0,127.63548278808594,48.48621368408203,0.0016497065511982092,1.6559035061659222,0.33527074774779203,0.22981366459627328,0.09311509482982593,80.69698333740234,29.67721939086914
pancreas_258.nii,79,0.7304689884185791,2.5,3.422454090704452,197.5,374.0001220703125,0.603501718255538,0.027596968638746045,0.35378173634975774,-1024.0,157.0,-560.7423095703125,505.2919006347656,0.48561611771583557,-1.4499812126159668,1.0,114.62671661376953,110.10650634765625,0.0039582554298111155,1.336591827415139,0.44455205203546255,0.18137254901960784,0.041037402103105865,117.90606689453125,19.920907974243164
pancreas_259.nii,88,0.84375,2.5,2.962959451307317,220.0,432.0,0.6166016405278986,0.016418933868408203,0.3560377901250666,-1024.0,138.0,-605.5531005859375,481.7216491699219,0.5401898622512817,-1.482909917831421,1.0,106.9129867553711,37.295257568359375,0.0012255148454145951,1.4789995157784463,0.48616112650601595,0.20512820512820512,0.127086870401811,106.15140533447266,29.923715591430664
pancreas_261.nii,161,0.6992189884185791,1.5,2.1452475971010774,241.5,358.0001220703125,0.5913837503942644,0.03508367597686578,0.3603015449476538,-1024.0,171.0,-560.8945922851562,504.9010314941406,0.4764677882194519,-1.431139588356018,1.0,125.8255844116211,55.578102111816406,0.0007224467970569681,1.3601084816651603,0.4515440940075728,0.17197452229299362,0.09294241112422931,130.4280242919922,32.058223724365234
pancreas_262.nii,76,0.7519530057907104,2.5,3.3246714303638125,190.0,384.99993896484375,0.6945091046785054,0.02663793061908923,0.26460522099545125,-1024.0,178.0,-663.02099609375,477.4380798339844,0.8800205588340759,-1.050692081451416,1.0,129.63465881347656,42.817466735839844,0.0017883903101870889,1.6602271304430158,0.4119019252418624,0.19745222929936307,0.10524543234823609,103.28800201416016,27.229909896850586
pancreas_264.nii,109,0.8378909826278687,2.5,2.9836781492517517,272.5,429.00018310546875,0.549936067073717,0.017428406881629874,0.4191384971688647,-1024.0,134.0,-533.2998046875,493.457763671875,0.251477986574173,-1.728746771812439,1.0,105.8558349609375,82.962158203125,0.0009785573416893636,1.2952590584392656,0.4843955281277483,0.2222222222222222,0.17566697661111508,102.0252456665039,39.10505676269531
pancreas_265.nii,81,0.8339840173721313,2.5,2.9976557706965115,202.5,426.99981689453125,0.711798585491416,0.03130924554518712,0.24423255449459877,-1024.0,177.0,-687.1127319335938,466.46197509765625,1.0257742404937744,-0.6354665756225586,0.0,119.05327606201172,53.427703857421875,0.0016936313958815586,1.7282566410661315,0.4412322005643844,0.34579439252336447,0.014626143536412424,107.68630981445312,31.91752815246582
pancreas_266.nii,97,0.8984379768371582,2.5,2.782604121652131,242.5,460.000244140625,0.7103568401533303,0.018237438398538176,0.2583927665789103,-1024.0,117.0,-684.0428466796875,464.02435302734375,1.004438877105713,-0.6893291473388672,1.0,94.26951599121094,34.48103332519531,0.0015956052799814754,1.677309296194903,0.52053533617535,0.25210084033613445,0.16604229309409968,103.01409912109375,20.797700881958008
pancreas_267.nii,89,0.6796879768371582,2.5,3.678152927583754,222.5,348.000244140625,0.5296370688449131,0.02571277404099368,0.42866627553875525,-1024.0,162.0,-503.8111877441406,502.6539001464844,0.1879788190126419,-1.7356754541397095,1.0,88.65787506103516,48.49498748779297,0.0036597948395804074,1.1786819150390266,0.48993084914411994,0.16055045871559634,0.03253422652160165,112.91180419921875,24.451326370239258
pancreas_268.nii,67,0.7363280057907104,2.5,3.3952214028501606,167.5,376.99993896484375,0.7041384568854944,0.025483088706856342,0.25793667693636313,-1024.0,171.0,-668.0108642578125,474.4430236816406,0.9464050531387329,-0.855710506439209,1.0,107.6656494140625,48.648521423339844,0.0014896677501166045,1.6349202608519056,0.3515226520676476,0.27450980392156865,0.17894133384291994,83.64630126953125,31.933494567871094
pancreas_269.nii,113,0.7773439884185791,2.5,3.2160752783470934,282.5,398.0001220703125,0.5845942877035225,0.022264801295457687,0.3800022496586352,-1024.0,144.0,-557.99658203125,503.0805358886719,0.40617483854293823,-1.6042836904525757,0.0,103.35332489013672,36.909175872802734,0.0024983904003042035,1.3146004634000354,0.44074677496970105,0.26875,0.06846464619167938,117.10676574707031,24.438276290893555
pancreas_270.nii,87,0.8007810115814209,2.5,3.121948250389498,217.5,409.9998779296875,0.5784879662524695,0.02086604326620869,0.3842255603307965,-1024.0,133.0,-562.1004638671875,486.7110290527344,0.38520142436027527,-1.5498713254928589,1.0,71.65193939208984,48.277339935302734,0.0015164956279184628,1.3021122681164865,0.3292126668135106,0.17543859649122806,0.05004770578541071,115.76776123046875,33.558082580566406
pancreas_274.nii,115,0.703125,2.5,3.555550498772624,287.5,360.0,0.6064857482910156,0.03178442250127378,0.3452831765879755,-1024.0,167.0,-579.9225463867188,494.7669372558594,0.5187779664993286,-1.4651267528533936,1.0,129.27255249023438,112.7186279296875,0.001770483929177989,1.4333922581346903,0.5315196572880575,0.205,0.13200936768149882,156.79562377929688,31.354496002197266
pancreas_275.nii,105,0.75,2.5,3.3333288888948145,262.5,384.0,0.5248243059430804,0.025410933721633184,0.43662821451822914,-1024.0,153.0,-502.00189208984375,507.0158386230469,0.1907224953174591,-1.6773310899734497,1.0,76.50160217285156,42.80786895751953,0.0019520350864955357,1.140996886197476,0.4833009800381517,0.20125786163522014,0.203997692207478,74.32533264160156,27.836023330688477
pancreas_276.nii,89,0.8554689884185791,2.5,2.9223701986571116,222.5,438.0001220703125,0.6137178828207295,0.013947947641436973,0.3566169738769531,-1024.0,115.0,-586.612060546875,496.7303161621094,0.5066072940826416,-1.5528361797332764,1.0,75.62797546386719,78.77328491210938,0.0032715958155942765,1.3331983435080292,0.42780299642341085,0.296551724137931,0.11017948382025416,52.92841720581055,29.91999053955078
pancreas_277.nii,109,0.9511719942092896,2.5,2.628333662982359,272.5,487.00006103515625,0.6662120294133458,0.011511846419868119,0.30701754508762186,-1024.0,100.0,-660.9307861328125,452.2334899902344,0.7718902826309204,-1.127726435661316,1.0,80.23715209960938,83.4167251586914,0.0013657666127616112,1.638905461445417,0.4045661118694338,0.21830985915492956,0.07758929944139804,67.37615966796875,24.73419189453125
pancreas_278.nii,100,0.8808590173721313,2.5,2.8381354025560688,250.0,450.99981689453125,0.5165481948852539,0.015790252685546874,0.45512947082519534,-1024.0,118.0,-509.2696838378906,492.2190856933594,0.13540786504745483,-1.723371148109436,0.0,42.53913879394531,56.77437973022461,0.001314849853515625,1.1210634401416448,0.525374254929616,0.2222222222222222,0.14763990832342105,57.86343002319336,44.202308654785156
pancreas_279.nii,80,0.703125,2.5,3.555550498772624,200.0,360.0,0.5582073211669922,0.03420844078063965,0.39292306900024415,-1024.0,177.0,-532.7401123046875,500.04705810546875,0.29935529828071594,-1.6737446784973145,1.0,74.81233978271484,68.84864044189453,0.0017296314239501954,1.2149905514377974,0.48251246881214166,0.17088607594936708,0.11581297899321828,158.9078826904297,35.93352127075195
pancreas_280.nii,97,0.9277340173721313,2.5,2.694734976245059,242.5,474.99981689453125,0.7162088217194548,0.015171483619925902,0.2562987730675137,-1024.0,126.0,-702.6348876953125,450.3063659667969,1.0152376890182495,-0.7179076671600342,1.0,101.30921173095703,38.37234115600586,0.0020403911157981635,1.7853269649317394,0.48428312928393774,0.22151898734177214,0.02844807647829774,74.22492980957031,21.847980499267578
pancreas_283.nii,107,0.7089840173721313,2.5,3.5261676040296384,267.5,362.99981689453125,0.6029569679331557,0.02924036756854191,0.35335982848550673,-1024.0,161.0,-561.4909057617188,518.141845703125,0.49790140986442566,-1.4983654022216797,1.0,117.07655334472656,69.9100112915039,0.0017795384487259054,1.3096171703252486,0.49867484538830875,0.2147239263803681,0.14488340411891978,105.3831558227539,38.556758880615234
pancreas_284.nii,85,0.7539060115814209,2.5,3.316058826347715,212.5,385.9998779296875,0.5811897277832031,0.028870212330537683,0.37501009772805605,-1024.0,160.0,-545.9942016601562,506.0139465332031,0.37913843989372253,-1.6359034776687622,1.0,114.98646545410156,56.80529022216797,0.0032888524672564337,1.3062498975305148,0.45595214147032886,0.1935483870967742,0.035464767207030186,87.83416748046875,31.536523818969727
pancreas_285.nii,113,0.8320310115814209,2.5,3.0046920854022394,282.5,425.9998779296875,0.5304753463880151,0.01690238344985827,0.43977933225378524,-1024.0,123.0,-518.8109130859375,492.5224609375,0.19296708703041077,-1.7248164415359497,1.0,90.55079650878906,42.28035354614258,0.0010882014721895741,1.2372262316678935,0.49218446506214286,0.22033898305084745,0.0430884725152004,78.50395965576172,36.75117492675781
pancreas_286.nii,93,0.7675780057907104,2.5,3.25699371809246,232.5,392.99993896484375,0.6090128498692666,0.014532396870274697,0.3637052966702369,-1024.0,123.0,-574.8797607421875,490.30816650390625,0.487324982881546,-1.543711543083191,0.0,79.91801452636719,36.691829681396484,0.002892730056598622,1.3354820879326632,0.5519032166701247,0.25547445255474455,0.03298167999546254,69.5133285522461,27.57683753967285
pancreas_287.nii,98,0.7792969942092896,2.5,3.208015442843031,245.0,399.00006103515625,0.6946690617775431,0.02500304397271604,0.26525135429538027,-1024.0,149.0,-661.7034301757812,468.07330322265625,0.9022119045257568,-0.913179874420166,1.0,102.49824523925781,71.40992736816406,0.00181054095832669,1.6326538354588975,0.3524548949023831,0.23129251700680273,0.2689727823880982,96.3554458618164,31.0036678314209
pancreas_289.nii,96,0.6875,2.5,3.6363583471151313,240.0,352.0,0.5784551699956259,0.031264940897623696,0.36830417315165204,-1024.0,157.0,-538.4244384765625,519.5350952148438,0.7002679109573364,0.606680154800415,1.0,81.2718505859375,36.20576477050781,0.0025430520375569663,1.1927900416687856,0.5063486631735071,0.15165876777251186,0.07109486085720089,75.07252502441406,25.523460388183594
pancreas_290.nii,97,0.9160159826278687,2.5,2.729207042458975,242.5,469.00018310546875,0.7000086676214159,0.022829547370831992,0.2638856160272028,-1024.0,153.0,-682.2023315429688,458.2977600097656,0.955058753490448,-0.7919979095458984,0.0,116.6392593383789,59.18040084838867,0.0012853170178600192,1.7430623905324416,0.4561001589758283,0.2462686567164179,0.10772855219679354,102.2749252319336,29.877132415771484
pancreas_291.nii,97,0.9160159826278687,2.5,2.729207042458975,242.5,469.00018310546875,0.7000086676214159,0.022829547370831992,0.2638856160272028,-1024.0,153.0,-682.2023315429688,458.2977600097656,0.955058753490448,-0.7919979095458984,0.0,116.59862518310547,58.75273895263672,0.0013052950200346327,1.742973727312303,0.45693978799796103,0.25984251968503935,0.1338575560375994,103.6236801147461,31.660961151123047
pancreas_292.nii,93,0.8359379768371582,2.5,2.9906489220767636,232.5,428.000244140625,0.4993102781234249,0.01554911623718918,0.4703059863018733,-1024.0,120.0,-486.8453369140625,483.77197265625,0.06724446266889572,-1.6973955631256104,1.0,51.07199478149414,51.76319885253906,0.0019855294176327285,1.1119233047546906,0.4560893717348951,0.2,0.10591443386287107,53.201873779296875,30.52241325378418
pancreas_293.nii,107,0.8945310115814209,2.5,2.7947574459412716,267.5,457.9998779296875,0.5437234896365727,0.0180511474609375,0.4151429149592034,-1024.0,133.0,-532.3822631835938,491.23419189453125,0.2467462420463562,-1.7011867761611938,0.0,61.467979431152344,56.45061492919922,0.0018649947977511683,1.208894354677478,0.41925477652916865,0.19879518072289157,0.05530174144094202,90.36605834960938,35.91318130493164
pancreas_294.nii,97,0.8105469942092896,2.5,3.084333090527001,242.5,415.00006103515625,0.6315505824138209,0.01634841604331105,0.3399015603606234,-1024.0,132.0,-618.373779296875,478.1749267578125,0.626099169254303,-1.344582438468933,1.0,94.36540222167969,40.37132263183594,0.0018873313038619522,1.490540679036909,0.5197819468846167,0.32727272727272727,0.141752792132022,93.58930206298828,29.83478546142578
pancreas_295.nii,105,0.8125,2.5,3.076919289945489,262.5,416.0,0.5742003667922247,0.019298589797247023,0.39171683901832216,-1024.0,136.0,-546.6156005859375,497.4586181640625,0.3999003469944,-1.4536802768707275,1.0,84.21388244628906,42.934165954589844,0.0015362330845424107,1.2681044387014193,0.4668738729276369,0.24060150375939848,0.04372605590502767,82.03515625,26.607341766357422
pancreas_296.nii,43,0.9765620231628418,5.0,5.11999725712147,215.0,499.999755859375,0.5581644634867824,0.008703364882358285,0.41590198250704036,-1024.0,71.0,-557.084228515625,479.7174987792969,0.26890137791633606,-1.7695188522338867,0.0,49.17112731933594,36.51203536987305,0.0026749899221021074,1.2637757766057736,0.4627878332485398,0.1357142857142857,0.030908005571400145,50.21566390991211,19.04652214050293
pancreas_297.nii,101,0.9023439884185791,2.5,2.770558968118635,252.5,462.0001220703125,0.5995035832471186,0.013580397804184715,0.3699726822352645,-1024.0,104.0,-588.2020874023438,477.9732360839844,0.45340797305107117,-1.577358603477478,0.0,43.12100601196289,50.661659240722656,0.001118990454343286,1.3208335622845286,0.4277199608625463,0.3247863247863248,0.07533414337788578,38.9265251159668,28.206722259521484
pancreas_298.nii,93,0.8652340173721313,2.5,2.889388374031524,232.5,442.99981689453125,0.6251788805889827,0.015482338525915658,0.34414525185861894,-1024.0,104.0,-612.281982421875,475.53082275390625,0.5841013193130493,-1.369653344154358,1.0,97.29244995117188,41.38092041015625,0.001152366720220094,1.4921733711635514,0.5125370149830274,0.17857142857142858,0.15234027407011924,56.73247528076172,28.60932731628418
pancreas_299.nii,83,0.6835939884185791,2.5,3.6571362317671046,207.5,350.0001220703125,0.6525970367063959,0.030521208981433547,0.30316024228750943,-1024.0,171.0,-605.6716918945312,490.854248046875,0.7124531269073486,-1.0549181699752808,1.0,133.41209411621094,63.4306755065918,0.0035908710525696537,1.5057092557431688,0.4343375754751049,0.15508021390374332,0.06757880994739604,121.51060485839844,30.863466262817383
pancreas_300.nii,85,0.8671879768371582,2.5,2.8828779732856926,212.5,444.000244140625,0.7104684717514935,0.018073272705078126,0.2571934868307675,-1024.0,125.0,-689.10595703125,459.10394287109375,0.9856107234954834,-0.7452669143676758,1.0,128.40391540527344,29.130451202392578,0.00191650390625,1.780664015959885,0.4977693173096498,0.26356589147286824,0.05109471958787027,135.99588012695312,15.244613647460938
pancreas_301.nii,83,0.8339840173721313,2.5,2.9976557706965115,207.5,426.99981689453125,0.6285530458013695,0.02466059305581702,0.3331336515495576,-1024.0,155.0,-599.0364379882812,499.58660888671875,0.5919641256332397,-1.4185768365859985,1.0,103.1038589477539,42.838111877441406,0.0008669014436652861,1.4054425860117536,0.39502958874983674,0.1144578313253012,0.0542861686900281,74.7841796875,31.63456153869629
pancreas_302.nii,83,0.9472659826278687,2.5,2.639171475252525,207.5,485.00018310546875,0.6516810957207737,0.014657675501811936,0.32085262436464607,-1024.0,139.0,-634.2870483398438,479.0802917480469,0.6752321124076843,-1.335456132888794,0.0,87.72222137451172,45.17141342163086,0.0025472066488610693,1.50707361718606,0.3840360856038536,0.24161073825503357,0.029301914367681287,79.14655303955078,26.7197322845459
pancreas_303.nii,113,0.9765620231628418,2.5,2.559998628560735,282.5,499.999755859375,0.5546258234344752,0.009166008603256361,0.4214384365925747,-1024.0,77.0,-557.3822631835938,470.5308532714844,0.25547218322753906,-1.7235549688339233,1.0,49.04397964477539,28.21326446533203,0.0008404824586041205,1.2888129169919993,0.4906544122080946,0.2556390977443609,0.04707205398023938,40.6740608215332,22.896404266357422
pancreas_304.nii,93,0.7226560115814209,2.5,3.4594558136634475,232.5,369.9998779296875,0.6307473951770414,0.029399912844422043,0.3274295355684014,-1024.0,155.0,-599.8505859375,489.9480895996094,0.592622697353363,-1.4094688892364502,0.0,145.70046997070312,42.20888137817383,0.0011376001501596101,1.5216939716935751,0.5141881614739043,0.2595419847328244,0.03144041824409591,106.1272964477539,28.194908142089844
pancreas_305.nii,73,0.7402340173721313,2.5,3.377305776312928,182.5,378.99981689453125,0.6373263842438999,0.023854294868364725,0.32228955830613226,-1024.0,154.0,-594.70068359375,498.3519592285156,0.6154620051383972,-1.4012514352798462,0.0,108.18197631835938,35.24161911010742,0.0011213642277129708,1.4104141570744655,0.35370093616557835,0.3835616438356164,0.058341099720410065,93.5838623046875,24.76141929626465
pancreas_308.nii,113,0.9628909826278687,2.5,2.596345223663765,282.5,493.00018310546875,0.6198145435974661,0.010647866578228705,0.3553713233070036,-1024.0,116.0,-614.8084716796875,474.76995849609375,0.5886152982711792,-1.3310258388519287,0.0,109.98548889160156,40.21103286743164,0.0017518575212596792,1.526621358563973,0.47172418103485037,0.2631578947368421,0.01695731766066095,93.4749984741211,40.499656677246094
pancreas_309.nii,95,0.7792969942092896,2.5,3.208015442843031,237.5,399.00006103515625,0.5406098616750616,0.017806806062397203,0.42652186343544407,-1024.0,125.0,-511.571533203125,503.0758056640625,0.24082370102405548,-1.6565176248550415,1.0,70.87541198730469,31.449174880981445,0.0017758821186266446,1.1577717263978242,0.4243105344639953,0.18633540372670807,0.11515590024193366,64.4117431640625,26.16919708251953
pancreas_310.nii,81,0.921875,2.5,2.7118614650994277,202.5,472.0,0.6380188082471306,0.01045721548574942,0.33767450591664255,-1024.0,93.0,-623.7933349609375,470.2641296386719,0.6047376394271851,-1.4309483766555786,1.0,26.15852165222168,43.76479721069336,0.0007834257902922454,1.3820995782316017,0.3295350013308139,0.20161290322580644,0.10405145467660495,44.75678634643555,28.456668853759766
pancreas_311.nii,87,0.765625,2.5,3.2653018575649204,217.5,392.0,0.6032495169804014,0.023879347176387393,0.3601493835449219,-1024.0,144.0,-571.2962646484375,488.4551086425781,0.45694905519485474,-1.5576941967010498,1.0,99.68555450439453,43.14975357055664,0.00190423548906699,1.3736816462905177,0.4200519600250067,0.15384615384615385,0.11602578862537416,90.36515045166016,31.146072387695312
pancreas_312.nii,75,0.9277340173721313,2.5,2.694734976245059,187.5,474.99981689453125,0.7363067118326823,0.013545379638671876,0.23624989827473958,-1024.0,132.0,-716.012939453125,446.623046875,1.1321063041687012,-0.4159963130950928,1.0,102.43159484863281,33.84178161621094,0.00089080810546875,1.832517462311579,0.5050336806020632,0.2391304347826087,0.0987153868113046,102.6229019165039,24.076873779296875
pancreas_313.nii,95,0.8203120231628418,2.5,3.0476171039694933,237.5,419.999755859375,0.6010118986430921,0.0169972068385074,0.36820682726408305,-1024.0,137.0,-574.55029296875,501.4198303222656,0.4705564081668854,-1.5681463479995728,0.0,85.7519302368164,33.51573181152344,0.001689910888671875,1.3168649940795543,0.45685510671341906,0.2222222222222222,0.047711828161383835,63.22858428955078,24.325441360473633
pancreas_315.nii,93,0.8554689884185791,2.5,2.9223701986571116,232.5,438.0001220703125,0.6852012962423345,0.02387647731329805,0.2756918220109837,-1024.0,141.0,-662.8667602539062,466.3789978027344,0.8400639295578003,-1.0858908891677856,0.0,99.12117767333984,36.96176528930664,0.0016322392289356519,1.6338384444483665,0.42311623489270295,0.1511627906976744,0.0819721566065236,91.66124725341797,19.081167221069336
pancreas_316.nii,89,0.7246090173721313,2.5,3.4501317123195356,222.5,370.99981689453125,0.5624474514736219,0.02215584744228406,0.4010652263512772,-1024.0,142.0,-545.9556884765625,485.65557861328125,0.312987357378006,-1.6176846027374268,1.0,120.29824829101562,35.22282791137695,0.0011965290883953652,1.3718650927435119,0.501195394372777,0.224,0.039366694129025326,80.29390716552734,31.69098472595215
pancreas_318.nii,105,0.7890620231628418,2.5,3.1683147310326643,262.5,403.999755859375,0.5411846342540922,0.01669122605096726,0.4292019435337612,-1024.0,133.0,-515.4593505859375,495.113525390625,0.23643967509269714,-1.6899341344833374,0.0,96.49351501464844,37.138763427734375,0.002469453357514881,1.2359849468499056,0.5517040577632206,0.2934131736526946,0.005987671575478499,57.91646194458008,21.215818405151367
pancreas_320.nii,91,0.7421879768371582,2.5,3.368414350013337,227.5,380.000244140625,0.5627139584048764,0.023278917585100447,0.40065555782108514,-1024.0,141.0,-531.6563720703125,496.63134765625,0.3143036365509033,-1.6457868814468384,1.0,112.1776123046875,38.889862060546875,0.002377394791487809,1.2964022229306316,0.48079911378197104,0.14130434782608695,0.04229996120887259,78.46602630615234,24.608234405517578
pancreas_321.nii,117,0.8945310115814209,2.5,2.7947574459412716,292.5,457.9998779296875,0.5316079946664664,0.012507185976729434,0.4432426517845219,-1024.0,100.0,-531.8886108398438,477.93048095703125,0.20421946048736572,-1.6761845350265503,1.0,84.88345336914062,38.14333724975586,0.0009740845769898504,1.2905058109778313,0.5408786470804995,0.3106796116504854,0.014492753623188406,66.6512680053711,22.59423828125
pancreas_323.nii,95,0.9589840173721313,2.5,2.606922897346875,237.5,490.99981689453125,0.715566012733861,0.014468183015522204,0.25751929032175164,-1024.0,125.0,-701.200439453125,450.1655578613281,1.0060248374938965,-0.7435464859008789,1.0,84.16619110107422,47.22115707397461,0.0016978213661595395,1.7446173193274623,0.46655388513543616,0.30275229357798167,0.0387626232764941,101.77608489990234,19.715097427368164
pancreas_325.nii,93,0.7421879768371582,2.5,3.368414350013337,232.5,380.000244140625,0.5469407522550194,0.020469624509093582,0.4182754844747564,-1024.0,144.0,-528.7472534179688,487.6994934082031,0.24498924612998962,-1.7158021926879883,1.0,122.20735168457031,87.10267639160156,0.0018830248104628696,1.3347452941127962,0.5665153729437985,0.19858156028368795,0.033262176526966974,70.09495544433594,33.74115753173828
pancreas_326.nii,89,0.9511719942092896,2.5,2.628333662982359,222.5,487.00006103515625,0.5712066393220023,0.00882720947265625,0.4040496911895409,-1024.0,93.0,-564.3623657226562,479.626953125,0.3250804841518402,-1.693619966506958,1.0,73.97516632080078,32.23961639404297,0.0011616396100333568,1.3309042091014218,0.46437469576627166,0.20149253731343283,0.0970003320665609,83.32369995117188,22.376014709472656
pancreas_327.nii,99,0.9765620231628418,2.5,2.559998628560735,247.5,499.999755859375,0.696359538068675,0.010917470912740689,0.2790598243173927,-1024.0,111.0,-679.9759521484375,460.3783264160156,0.8992918133735657,-0.9817280769348145,0.0,80.20370483398438,51.07360076904297,0.0016218243223248105,1.65120643547474,0.4879155008060257,0.2222222222222222,0.045615452234444416,51.84375,26.434246063232422
pancreas_328.nii,95,0.9765620231628418,2.5,2.559998628560735,237.5,499.999755859375,0.5944305018374795,0.01335702193410773,0.3786917435495477,-1024.0,83.0,-584.6849975585938,482.97076416015625,0.4896772801876068,-1.1930732727050781,1.0,52.74888229370117,33.346920013427734,0.000987404271175987,1.3198187671688941,0.399758990676538,0.336734693877551,0.019966654467081454,45.922607421875,34.75872802734375
pancreas_329.nii,79,0.9765620231628418,2.5,2.559998628560735,197.5,499.999755859375,0.6148898450634147,0.011409131786491297,0.3622773085968404,-1024.0,116.0,-591.8641967773438,491.52117919921875,0.48636168241500854,-1.615527868270874,1.0,62.97471618652344,29.269128799438477,0.0029336470591871046,1.33226998010229,0.36431668568914444,0.20714285714285716,0.06885030038679944,74.46306610107422,21.529958724975586
pancreas_330.nii,89,0.8125,2.5,3.076919289945489,222.5,416.0,0.5827129235428371,0.016969402184647122,0.3848385757274842,-1024.0,131.0,-569.6515502929688,493.0233154296875,0.3971129059791565,-1.6111986637115479,1.0,79.9658432006836,44.34864044189453,0.0010690581932496488,1.3176200229189312,0.5728832399982099,0.3018867924528302,0.1823758168624464,84.150146484375,33.14288330078125
pancreas_331.nii,101,0.7988280057907104,2.5,3.1295809013912903,252.5,408.99993896484375,0.6322341767868193,0.018440473197710396,0.33621533082263305,-1024.0,129.0,-617.957763671875,471.7556457519531,0.6088078618049622,-1.3733325004577637,1.0,98.45210266113281,47.75220489501953,0.0014263946231048885,1.5186036908418665,0.37938152386852164,0.29411764705882354,0.05136759604946117,117.02989959716797,27.425722122192383
pancreas_333.nii,97,0.9765620231628418,2.5,2.559998628560735,242.5,499.999755859375,0.6071102889542727,0.011331577890927029,0.3665426981817816,-1024.0,107.0,-596.7958984375,483.1294860839844,0.48082655668258667,-1.5671424865722656,0.0,67.2180404663086,48.31781005859375,0.0016212856646665593,1.3744015976163764,0.3737199636784665,0.2892561983471074,0.11604045892255076,87.81752014160156,34.86626052856445
pancreas_334.nii,91,0.7519530057907104,2.5,3.3246714303638125,227.5,384.99993896484375,0.7373859279758328,0.026682633620042067,0.22297375018780047,-1024.0,173.0,-699.1253662109375,459.8860168457031,1.1319074630737305,-0.4378533363342285,1.0,117.1030502319336,44.65652847290039,0.0013635237138349932,1.7748493860857602,0.36139308383363916,0.17006802721088435,0.02394859813084112,122.83183288574219,19.001754760742188
pancreas_336.nii,92,0.859375,2.5,2.909087523970881,230.0,440.0,0.6304728051890498,0.01442229229470958,0.34072482067605725,-1024.0,120.0,-605.103271484375,479.0916748046875,0.5873544216156006,-1.3811442852020264,0.0,79.08804321289062,36.16773223876953,0.0015282008958899457,1.4281010279464585,0.33741511840566,0.19310344827586207,0.08093442222644273,93.79584503173828,22.054595947265625
pancreas_339.nii,105,0.9277340173721313,2.5,2.694734976245059,262.5,474.99981689453125,0.5930155072893415,0.010711778913225447,0.38283371698288693,-1024.0,106.0,-580.7803955078125,474.4461975097656,0.4243890047073364,-1.5886712074279785,0.0,61.21234893798828,33.40483856201172,0.0013026646205357142,1.3531412970792018,0.445690429447771,0.2013888888888889,0.048749198203976905,64.77345275878906,24.270267486572266
pancreas_342.nii,117,0.8183590173721313,2.5,3.054890203492407,292.5,418.99981689453125,0.6239982670188969,0.01518947242671608,0.3434608981140658,-1024.0,127.0,-601.6041870117188,485.7182922363281,0.5741698741912842,-1.4290485382080078,1.0,87.65105438232422,32.447208404541016,0.002270233936798878,1.4190432005382247,0.4036316466273046,0.21301775147928995,0.018612399649581366,83.66666412353516,25.387794494628906
pancreas_343.nii,86,0.7792969942092896,2.5,3.208015442843031,215.0,399.00006103515625,0.6212651895922284,0.015090055243913518,0.35042753884958666,-1024.0,129.0,-587.3485107421875,493.0471496582031,0.5475440621376038,-1.4231785535812378,0.0,85.5263900756836,33.143611907958984,0.0007615200308866279,1.3647272880891885,0.3282797595066627,0.27835051546391754,0.03681053060749025,93.44778442382812,25.248958587646484
pancreas_344.nii,112,0.7714840173721313,2.5,3.240503630926778,280.0,394.99981689453125,0.5714167186192104,0.014750821249825614,0.3947200093950544,-1024.0,134.0,-548.2236328125,488.2644348144531,0.3364524841308594,-1.6734740734100342,1.0,97.581298828125,32.45164108276367,0.0011424337114606584,1.32265404618992,0.43914159467190195,0.2734375,0.07658825984557135,96.03736877441406,28.350736618041992
pancreas_345.nii,84,0.8398439884185791,2.5,2.9767397965992255,210.0,430.0001220703125,0.6584181104387555,0.017984617324102493,0.3088203157697405,-1024.0,133.0,-633.0463256835938,481.7851867675781,0.7565762996673584,-1.0238468647003174,1.0,93.18502044677734,39.4864387512207,0.0016540799822126115,1.5073758275871243,0.501405764586642,0.16875,0.03280803865583132,118.85606384277344,21.92500114440918
pancreas_346.nii,103,0.8613280057907104,2.5,2.9024913629896507,257.5,440.99993896484375,0.6023050326745487,0.01947928863821678,0.3645765804550023,-1024.0,104.0,-577.2218017578125,494.5950927734375,0.50018310546875,-1.4583539962768555,1.0,25.50230598449707,56.64282989501953,0.0004897256499355279,1.218621283005293,0.5112392376330765,0.2702702702702703,0.05202661826981246,59.645347595214844,21.386377334594727
pancreas_347.nii,89,0.7382810115814209,2.5,3.386239893133695,222.5,377.9998779296875,0.733266251810481,0.018000870608211903,0.2352504087298104,-1024.0,129.0,-702.1654663085938,457.8027038574219,1.1028348207473755,-0.5129420757293701,1.0,86.40579223632812,59.418941497802734,0.0015755985560042135,1.7225133232677483,0.4856888233870716,0.1891891891891892,0.008242430837028372,116.78547668457031,28.887460708618164
pancreas_348.nii,89,0.7421879768371582,2.5,3.368414350013337,222.5,380.000244140625,0.558845048540094,0.022374871071804775,0.4057723484682233,-1024.0,147.0,-533.3134765625,495.1992492675781,0.2917734980583191,-1.6539344787597656,1.0,69.43582916259766,51.357208251953125,0.0014813883920733848,1.217185416576066,0.5103711949541748,0.21323529411764705,0.034429881665364696,126.20840454101562,23.91993522644043
pancreas_350.nii,89,0.7265620231628418,2.5,3.440857737456981,222.5,371.999755859375,0.5198066368531645,0.029584391733233847,0.4358308342065704,-1024.0,164.0,-491.1634521484375,503.0103454589844,0.13815487921237946,-1.740797519683838,1.0,99.9715805053711,46.5511474609375,0.0020785385303283004,1.1751945796248346,0.43345614376479746,0.20114942528735633,0.03243633364264357,103.82962799072266,26.16829490661621
pancreas_351.nii,88,0.6738280057907104,2.5,3.7101400778471287,220.0,344.99993896484375,0.5622978210449219,0.028337045149369675,0.3953700065612793,-1024.0,159.0,-539.2642211914062,500.9103698730469,0.3373866081237793,-1.5963505506515503,1.0,96.33841705322266,48.50282287597656,0.0013105219060724432,1.2688949464887782,0.4944237987790555,0.17266187050359713,0.05143386365891575,132.05401611328125,22.415334701538086
pancreas_354.nii,81,0.8300780057907104,5.0,6.0235230202420755,405.0,424.99993896484375,0.5706585542655286,0.025204222879292054,0.3906829739794319,-1024.0,117.0,-570.4527587890625,499.2899475097656,0.4107992351055145,-1.4561352729797363,1.0,57.919456481933594,45.09736251831055,0.0008718231577932099,1.2585316751248514,0.7830622949304493,0.09375,0.25268730081564306,61.094486236572266,25.277299880981445
pancreas_355.nii,86,0.703125,5.0,7.111100997545248,430.0,360.0,0.6368826489115871,0.03282444976096929,0.31538892346759173,-1024.0,137.0,-609.4198608398438,497.2779846191406,0.6336153149604797,-1.352166771888733,1.0,87.2213134765625,30.725736618041992,0.0020511538483375725,1.4009089371793657,0.6401798652782186,0.04888888888888889,0.09426291546828709,62.822208404541016,18.8110294342041
pancreas_356.nii,84,0.6777340173721313,5.0,7.3775146212558695,420.0,346.99981689453125,0.4915415445963542,0.04301289149693081,0.4516508465721494,-1024.0,177.0,-468.68109130859375,517.3740234375,0.07475782930850983,-1.7285712957382202,1.0,64.54682922363281,38.14573287963867,0.0022979463849748883,1.0306430074682686,0.72231302681065,0.08571428571428572,0.043575352752855616,91.20997619628906,17.607561111450195
pancreas_357.nii,44,0.6328120231628418,5.0,7.901228035746903,220.0,323.999755859375,0.4776390249078924,0.027856740084561436,0.48098633506081323,-1006.0,137.0,-439.79949951171875,496.2764892578125,0.023479072377085686,-1.679588794708252,0.0,78.15230560302734,37.209938049316406,0.004085454073819247,1.0436758848795626,0.45978897504855,0.05701754385964912,0.052351243527714114,67.39765167236328,22.539581298828125
pancreas_358.nii,89,0.7285159826278687,5.0,6.863257987431205,445.0,373.00018310546875,0.5271023525280899,0.03716363799705934,0.4209577153238018,-1024.0,151.0,-505.0313415527344,511.0235595703125,0.20503750443458557,-1.6540790796279907,1.0,64.80961608886719,40.933448791503906,0.0014874319012245436,1.1150972315359544,0.7472157716084421,0.05670103092783505,0.02907445827570309,54.91476821899414,21.393354415893555
pancreas_360.nii,40,0.8183590173721313,7.5,9.16467061047722,300.0,418.99981689453125,0.5902762413024902,0.015387248992919923,0.3786811828613281,-1024.0,116.0,-582.9368896484375,485.46112060546875,0.4188728630542755,-1.630218744277954,1.0,94.75157928466797,177.46963500976562,0.0014204025268554688,1.3959685725026167,0.4608533522493121,0.07432432432432433,0.07082913729439409,91.73270416259766,23.340517044067383
pancreas_361.nii,68,0.625,5.0,7.999987200020479,340.0,320.0,0.49755483515122356,0.0423580618465648,0.44343409818761487,-1024.0,179.0,-470.01971435546875,512.0797119140625,0.0947631224989891,-1.6932295560836792,1.0,124.21736145019531,38.629859924316406,0.002117605770335478,1.1604386208234523,0.6432385883003657,0.08333333333333333,0.031576995417097145,104.18456268310547,26.9283390045166
pancreas_362.nii,48,0.703125,5.0,7.111100997545248,240.0,360.0,0.43277668952941895,0.023345947265625,0.529073158899943,-1024.0,112.0,-433.7301330566406,480.75592041015625,-0.18824389576911926,-1.6668834686279297,1.0,40.761940002441406,39.75660705566406,0.0028800169626871743,0.9869708347373006,0.44377028426913956,0.08108108108108109,0.08380242825607064,56.82087707519531,18.794509887695312
pancreas_364.nii,89,0.703125,2.5,3.555550498772624,222.5,360.0,0.588889004139418,0.033541175756561625,0.3617745731653792,-1024.0,171.0,-551.7338256835938,500.5986633300781,0.40833979845046997,-1.65619695186615,1.0,80.29574584960938,42.80292510986328,0.004289519920777739,1.2625474588091665,0.40773825171359274,0.15425531914893617,0.23184684099561348,77.72305297851562,29.447006225585938
pancreas_365.nii,94,0.875,5.0,5.714279183680933,470.0,448.0,0.3495179034293966,0.020211727061170214,0.6234646655143575,-1024.0,86.0,-367.1439514160156,465.4275207519531,-0.49082666635513306,-1.4055711030960083,0.0,53.18540954589844,30.76750373840332,0.0020810796859416555,0.9031037945064326,0.736968850021492,0.1,0.307027807027807,67.07830810546875,23.50132942199707
pancreas_366.nii,121,0.8828120231628418,2.5,2.8318567288951915,302.5,451.999755859375,0.5546178896565083,0.015086686315615315,0.41510167397743414,-1024.0,125.0,-539.921142578125,487.40997314453125,0.285563200712204,-1.6898250579833984,0.0,64.36101531982422,43.634033203125,0.0021292946555397725,1.2397820930081376,0.4634347039770274,0.21739130434782608,0.0368220784412431,44.63892364501953,44.857025146484375
pancreas_367.nii,104,0.8632810115814209,2.5,2.8959250470426503,260.0,441.9998779296875,0.5725111961364746,0.0158083622272198,0.3979499890254094,-1024.0,133.0,-556.125732421875,483.0950622558594,0.34206414222717285,-1.6670866012573242,0.0,83.0261001586914,46.24155044555664,0.0024872559767503003,1.3230353220191269,0.48055822935880604,0.20114942528735633,0.0884517261211308,65.40880584716797,49.719234466552734
pancreas_369.nii,97,0.9765620231628418,2.5,2.559998628560735,242.5,499.999755859375,0.5360301696148115,0.009997770958340046,0.43975397483589723,-1024.0,96.0,-536.1870727539062,485.7806396484375,0.19863197207450867,-1.7487664222717285,1.0,22.967876434326172,45.45493698120117,0.0024007816904598905,1.1510441182708562,0.40824924231568216,0.24836601307189543,0.04001769099724807,94.7499008178711,32.00151062011719
pancreas_370.nii,91,0.6757810115814209,5.0,7.398835592411415,455.0,345.9998779296875,0.4443111210078983,0.024741455748841002,0.5212454743437714,-1006.0,116.0,-436.0499572753906,489.367431640625,-0.08675879240036011,-1.654598355293274,0.0,63.36234664916992,26.83716583251953,0.003795330341045673,1.0205262357360674,0.6824158999494147,0.07009345794392523,0.7072311379626459,67.53278350830078,24.759502410888672
pancreas_372.nii,93,0.9765620231628418,2.5,2.559998628560735,232.5,499.999755859375,0.6824876108477193,0.007654784828103999,0.2965094043362525,-1024.0,104.0,-667.5249633789062,464.2013854980469,0.8101663589477539,-1.1900653839111328,0.0,30.206649780273438,54.89927673339844,0.0026460873183383735,1.5030795543780984,0.4511503544330529,0.2127659574468085,0.1774581079195796,104.9815673828125,30.509469985961914
pancreas_374.nii,137,0.7421879768371582,2.5,3.368414350013337,342.5,380.000244140625,0.6134718177962477,0.02029569305642678,0.3527224464138059,-1024.0,141.0,-584.3285522460938,495.93585205078125,0.5234802961349487,-1.4808731079101562,1.0,100.9789047241211,40.491580963134766,0.0025314275365676325,1.3818469722535727,0.5042606269807602,0.225,0.15096684779021932,136.64015197753906,32.33572006225586
pancreas_375.nii,117,0.8984379768371582,2.5,2.782604121652131,292.5,460.000244140625,0.6182175660744692,0.014258066813151041,0.35175913623255545,-1024.0,116.0,-595.52001953125,485.264404296875,0.5533676147460938,-1.4219766855239868,0.0,60.27363204956055,44.22347640991211,0.002331725552550748,1.3514151139513502,0.3980278361634503,0.21311475409836064,0.03730581540053414,121.00150299072266,37.4672966003418
pancreas_376.nii,109,0.859375,2.5,2.909087523970881,272.5,440.0,0.5684608669455992,0.014889393377741542,0.4045810874449004,-1024.0,112.0,-549.6622924804688,489.43963623046875,0.3338591456413269,-1.6673202514648438,0.0,64.27742767333984,36.06310272216797,0.0017394669559023797,1.254372701867452,0.5121362128742517,0.22727272727272727,0.11282794141316595,81.65281677246094,33.5772590637207
pancreas_377.nii,55,0.8632810115814209,5.0,5.791850094085301,275.0,441.9998779296875,0.6656702215021307,0.02272921475497159,0.297964130748402,-1024.0,125.0,-635.9869384765625,491.4851989746094,0.8514872789382935,-0.4822249412536621,1.0,99.4327392578125,23.56273651123047,0.0016287370161576704,1.4963211054419696,0.5179088840576709,0.11851851851851852,0.5507579628683359,109.1148910522461,19.95086669921875
pancreas_378.nii,93,0.7402340173721313,2.5,3.377305776312928,232.5,378.99981689453125,0.5639100023495254,0.01908542263892389,0.40312010242092994,-1024.0,138.0,-551.5367431640625,484.7947998046875,0.3177371919155121,-1.6612186431884766,1.0,88.25943756103516,36.74589538574219,0.0020804866667716733,1.3197257471885648,0.5338871479546042,0.14285714285714285,0.017112889870273255,118.98617553710938,31.93411636352539
pancreas_379.nii,384,0.6953120231628418,1.25,1.797751456335445,480.0,355.999755859375,0.42837875088055927,0.030852824449539185,0.5325022836526235,-1024.0,119.0,-428.4653625488281,497.33709716796875,-0.11903584003448486,-1.5710461139678955,1.0,40.688507080078125,38.71885299682617,0.0009663204352060953,0.9433317388892152,0.751306378239759,0.40397350993377484,0.12218064436540083,46.13075256347656,36.421417236328125
pancreas_380.nii,63,0.8925780057907104,5.0,5.601745019277752,315.0,456.99993896484375,0.6903496999589224,0.024604070754278274,0.2712693592858693,-1024.0,145.0,-674.5488891601562,456.9772644042969,0.8860927820205688,-0.9382379055023193,0.0,122.79988098144531,34.87162399291992,0.0015476771763392857,1.7448324687141084,0.412343188427173,0.1774193548387097,0.2884081217479754,104.42932891845703,44.817100524902344
pancreas_382.nii,111,0.8164060115814209,2.5,3.062198100378114,277.5,417.9998779296875,0.6808232144192532,0.017599123018281954,0.28605930225269216,-1024.0,121.0,-658.544921875,462.1322937011719,0.8108657598495483,-1.125309705734253,1.0,101.23314666748047,33.9813232421875,0.0018610911326365429,1.6440704907536812,0.44362689653095244,0.20125786163522014,0.027384359708244852,112.08631134033203,27.608463287353516
pancreas_385.nii,49,0.8398439884185791,5.0,5.953479593198451,245.0,430.0001220703125,0.7142486572265625,0.03048184453224649,0.2420314088159678,-1024.0,175.0,-685.0072021484375,469.1277160644531,1.025719404220581,-0.6886963844299316,0.0,152.0244903564453,47.78894805908203,0.0024283272879464285,1.7842298846518243,0.44045829795527425,0.1347517730496454,0.40887378578527234,180.33071899414062,41.19901657104492
pancreas_386.nii,81,0.7617189884185791,2.5,3.282045946031029,202.5,390.0001220703125,0.6683788064085407,0.019300766933111498,0.29950742368344907,-1024.0,147.0,-627.4578247070312,486.6728820800781,0.7437248229980469,-1.2742505073547363,0.0,108.62173461914062,25.535869598388672,0.0026956252109857255,1.5124729256901208,0.4336586320272958,0.17679558011049723,0.020283373224549695,134.8096466064453,22.32218360900879
pancreas_387.nii,50,0.78125,5.0,6.399991808010485,250.0,400.0,0.5850294494628906,0.020901260375976564,0.37975196838378905,-1024.0,151.0,-554.6329956054688,496.90478515625,0.39456015825271606,-1.6665655374526978,0.0,102.13011169433594,30.621278762817383,0.003144683837890625,1.3217081533468824,0.423675570157184,0.08854166666666667,0.5542832189039035,109.36079406738281,24.19216537475586
pancreas_388.nii,57,0.8886719942092896,5.0,5.626366540426748,285.0,455.00006103515625,0.6262101290518778,0.014730085406387062,0.3392940320466694,-1024.0,122.0,-607.1315307617188,476.1746520996094,0.5761732459068298,-1.441140055656433,0.0,104.47422790527344,33.74727249145508,0.0008115935743900767,1.4944217505801045,0.43537328582477,0.08139534883720931,0.3784630606860158,119.12548828125,20.51546859741211
pancreas_389.nii,118,0.8515620231628418,2.5,2.935778012899854,295.0,435.999755859375,0.6090416665804588,0.015554492756471796,0.35840338367526814,-1024.0,122.0,-591.1838989257812,481.8867492675781,0.5065355896949768,-1.5110338926315308,1.0,93.15436553955078,37.400001525878906,0.0012366408008640094,1.4201225995222702,0.5617944174777647,0.1952662721893491,0.034872170230564124,113.51199340820312,20.89093780517578
pancreas_391.nii,89,0.9570310115814209,2.5,2.6122428192019873,222.5,489.9998779296875,0.7014953527557716,0.010436111621642381,0.2747513417447551,-1024.0,120.0,-682.2799072265625,464.088623046875,0.9379250407218933,-0.8353688716888428,1.0,70.85413360595703,34.1385383605957,0.004284247923433111,1.6228237491907358,0.5760486536268351,0.2608695652173913,0.6144103405498419,67.33325958251953,35.714317321777344
pancreas_392.nii,57,0.703125,5.0,7.111100997545248,285.0,360.0,0.5310893142432497,0.03968790957802221,0.4087645547431812,-1024.0,173.0,-483.87884521484375,519.9445190429688,0.21161596477031708,-1.6857088804244995,0.0,91.65203094482422,28.7987003326416,0.0021425213730126096,1.1069082449644925,0.4295428788548729,0.10857142857142857,0.028549117601124472,90.03173065185547,25.922163009643555
pancreas_393.nii,119,0.9765620231628418,2.5,2.559998628560735,297.5,499.999755859375,0.6361443976394269,0.008112514720243566,0.34326037238625917,-1024.0,87.0,-636.66943359375,465.06048583984375,0.6175629496574402,-1.4346476793289185,1.0,-14.209731101989746,53.22842788696289,0.0020148012818408615,1.338448911713545,0.4635110480787203,0.19387755102040816,0.04090496873657582,72.32244110107422,40.1154670715332
pancreas_395.nii,142,0.7773439884185791,3.0,3.8592903340165123,426.0,398.0001220703125,0.5820237549257951,0.020512218206701145,0.383781567425795,-1010.0,107.0,-567.9926147460938,485.638916015625,0.44392481446266174,-1.4873855113983154,1.0,88.38277435302734,23.568679809570312,0.001012936444349692,1.3515708195972334,0.7497082639613339,0.12048192771084337,0.029517065796801654,69.35669708251953,34.38167953491211
pancreas_398.nii,103,0.9296879768371582,2.5,2.6890713585796266,257.5,476.000244140625,0.6262802568454187,0.01572577467242491,0.3440629533193644,-1024.0,122.0,-615.4217529296875,474.7343444824219,0.5880160331726074,-1.3927369117736816,1.0,77.29732513427734,44.789268493652344,0.001016302016174909,1.4591720288533756,0.4036727655141554,0.3235294117647059,0.01461263756285985,97.63092041015625,64.27204895019531
pancreas_399.nii,58,0.9375,5.0,5.333327644450512,290.0,480.0,0.6322480563459725,0.016252978094692887,0.3335370688602842,-1024.0,123.0,-617.3248901367188,478.2138366699219,0.5961686968803406,-1.4483760595321655,1.0,56.87088394165039,35.65693283081055,0.0011405287117793642,1.4098207140206598,0.4561662634195825,0.12,0.15465344250951446,73.44369506835938,41.35091018676758
pancreas_400.nii,107,0.9667969942092896,2.5,2.585855592351185,267.5,495.00006103515625,0.5477938072703709,0.007982628367771612,0.4305936510317794,-1024.0,88.0,-551.8547973632812,476.0260314941406,0.23242241144180298,-1.7759530544281006,0.0,7.032812118530273,48.428306579589844,0.0018036387791143399,1.1740694233748463,0.5510580771027429,0.36666666666666664,0.05190543959519291,67.1694564819336,27.625001907348633
pancreas_401.nii,120,0.7226560115814209,3.75,5.189183720495171,450.0,369.9998779296875,0.48145920435587564,0.03211997350056966,0.4743621826171875,-2048.0,146.0,-694.1939086914062,810.3156127929688,-0.6479071974754333,-0.9847550392150879,1.0,66.48999786376953,46.3470573425293,0.0007895469665527344,0.9387501531588732,0.64708398220678,0.0880503144654088,0.15009260004831307,113.91148376464844,27.060983657836914
pancreas_402.nii,134,0.7260000109672546,3.0,4.132225650764708,402.0,371.7120056152344,0.5273812706790754,0.02629351260057136,0.4363334997376399,-2048.0,112.0,-743.2567749023438,804.7300415039062,-0.5121213793754578,-1.071218490600586,1.0,80.38239288330078,28.70781135559082,0.0012698387032124535,1.0234974765238076,0.7205946070867176,0.17222222222222222,0.029188243997578855,140.15667724609375,57.46754837036133
pancreas_404.nii,105,0.8789060115814209,2.5,2.8444419797058393,262.5,449.9998779296875,0.5483109610421317,0.012681325276692709,0.4254087902250744,-1024.0,117.0,-542.474609375,482.5181884765625,0.24959084391593933,-1.7150739431381226,0.0,13.997135162353516,58.321083068847656,0.0011918930780319941,1.1532658388298607,0.4517645000788049,0.19672131147540983,0.038771031455742504,85.25471496582031,49.463279724121094
pancreas_405.nii,89,0.8105469942092896,2.5,3.084333090527001,222.5,415.00006103515625,0.7322720302624649,0.02211075686336903,0.2311338789007637,-1024.0,154.0,-699.188720703125,461.2857666015625,1.1144675016403198,-0.47469401359558105,0.0,128.1285400390625,23.4034366607666,0.002289418424113413,1.7935026806567036,0.4832230522800116,0.25517241379310346,0.06741551998502293,124.48680877685547,18.884260177612305
pancreas_406.nii,72,0.8925780057907104,3.0,3.361047011566651,216.0,456.99993896484375,0.49559222327338326,0.019549899631076388,0.4756569332546658,-1024.0,90.0,-501.1978759765625,487.9404602050781,0.06696679443120956,-1.774919033050537,0.0,27.376121520996094,39.585166931152344,0.0026878250969780814,1.0832756033228457,0.79730341286831,0.16483516483516483,0.03402191910431286,60.96929168701172,31.42914390563965
pancreas_409.nii,751,0.7871090173721313,0.7000120282173157,0.889344580512895,525.7090331912041,402.99981689453125,0.5111498623173659,0.01981751483861362,0.4576022101147038,-2048.0,107.0,-711.91943359375,811.796875,-0.5771770477294922,-1.028505802154541,1.0,77.28900909423828,36.75638198852539,0.0028322984311933046,0.9721747718181516,0.7364098963422808,0.8076923076923077,0.5811160768728614,78.99017333984375,36.30318069458008
pancreas_410.nii,101,0.703125,2.5,3.555550498772624,252.5,360.0,0.6080103581494624,0.01903110919612469,0.36126686322807083,-1024.0,152.0,-577.05615234375,502.3997802734375,0.5182467103004456,-1.4803197383880615,0.0,95.70413208007812,28.663490295410156,0.002636333503345452,1.3390935058104052,0.5132872027808675,0.12334801762114538,0.09976791495945675,83.72286224365234,24.684072494506836
pancreas_411.nii,103,0.7363280057907104,2.5,3.3952214028501606,257.5,376.99993896484375,0.6286602575802108,0.025255110657330857,0.33307118091768434,-1024.0,164.0,-588.5233764648438,496.80645751953125,0.7101204991340637,-0.5096988677978516,1.0,121.79613494873047,34.433250427246094,0.0017874264022679006,1.4297710893902338,0.5221106989240955,0.21794871794871795,0.08899156703893252,121.08917236328125,44.721763610839844
pancreas_412.nii,164,0.9160159826278687,3.0,3.2750484509507705,492.0,469.00018310546875,0.5825545148151677,0.019773297193573743,0.3865712096051472,-1024.0,90.0,-578.5717163085938,482.96832275390625,0.42066651582717896,-1.5840555429458618,0.0,37.05286407470703,42.78617477416992,0.0008263006442930641,1.2746686482424234,0.7039989754420818,0.19205298013245034,0.14268824771287825,62.09706115722656,33.3759880065918
pancreas_413.nii,85,0.78125,2.5,3.1999959040052426,212.5,400.0,0.5877705293543198,0.019609698127297796,0.3797544591567096,-1024.0,142.0,-556.5707397460938,504.00750732421875,0.4280228316783905,-1.537462592124939,0.0,68.04712677001953,42.9687614440918,0.002208530201631434,1.2393027012492601,0.48483898892538096,0.15760869565217392,0.07091766235877428,121.09455871582031,26.359638214111328
pancreas_414.nii,169,0.9765620231628418,1.25,1.2799993142803674,211.25,499.999755859375,0.7490421046872111,0.015972069734652365,0.22173605021640394,-1024.0,133.0,-725.2406616210938,450.4490661621094,1.476011872291565,2.2707371711730957,1.0,84.86358642578125,45.550575256347656,0.0028816087711492234,1.7984369534843136,0.531248655597484,0.47651006711409394,0.6010590382491403,66.39167022705078,32.15665054321289
pancreas_415.nii,61,0.8789060115814209,5.0,5.688883959411679,305.0,449.9998779296875,0.496345582555552,0.014613479864401896,0.4699100431848745,-1024.0,98.0,-476.05712890625,481.91351318359375,0.030266886577010155,-1.77547287940979,0.0,62.308475494384766,23.508407592773438,0.014047341268570697,1.1171415379638732,0.5680364849777936,0.14473684210526316,0.8441519127094008,62.93734359741211,22.507844924926758
pancreas_416.nii,116,0.921875,4.000030040740967,4.3390109306902085,464.00348472595215,472.0,0.6199746296323579,0.022859606249579067,0.34271700628872576,-1024.0,98.0,-609.856201171875,480.4511413574219,0.5737234950065613,-1.4285436868667603,0.0,60.012054443359375,28.894973754882812,0.0008101956597689925,1.394248439765181,0.6431142199059988,0.17791411042944785,0.11478204399707768,72.1821060180664,20.032445907592773
pancreas_418.nii,44,0.703125,5.0,7.111100997545248,220.0,360.0,0.485546198758212,0.0321250395341353,0.4668718684803356,-1024.0,165.0,-457.3616027832031,523.962890625,0.020296083763241768,-1.7971751689910889,0.0,94.07356262207031,31.94856071472168,0.0026457526467063212,1.0524317164810506,0.24893873787422252,0.09004739336492891,0.036109836817615835,84.12522888183594,24.269710540771484
pancreas_419.nii,44,0.9375,5.0,5.333327644450512,220.0,480.0,0.7818703217939897,0.01680911671031605,0.18903949043967508,-1024.0,133.0,-761.2982788085938,425.75701904296875,1.4393028020858765,0.3608570098876953,0.0,122.32485961914062,23.68830108642578,0.0016704039140181108,2.0754164860007625,0.4774319618581446,0.14492753623188406,0.07338592484949139,136.78924560546875,18.26097869873047
pancreas_421.nii,131,0.9726560115814209,2.0,2.056223289593364,262.0,497.9998779296875,0.5902585910476801,0.011028843071624522,0.3904213068139462,-1024.0,70.0,-590.3692626953125,477.30975341796875,0.41119471192359924,-1.6601942777633667,0.0,52.761390686035156,46.381752014160156,0.0016008042197191079,1.3474073123973358,0.43889553773623435,0.33766233766233766,0.09950158256630406,95.25776672363281,28.19207000732422
